filename,category,x,y
D00668_6732.obj,Insect,36.49547,-14.805021
m18_7588.obj,Insect,-22.548897,-4.2061353
D00774_5124.obj,Insect,1.5625525,-4.917715
m9_4883.obj,Insect,24.414738,-14.745851
D00752_6768.obj,Insect,2.833211,15.026597
D00082_7162.obj,Insect,-20.157164,14.369036
D00973_7638.obj,Insect,19.13684,-13.952509
D00231_5568.obj,Insect,23.301445,-3.9813232
m19_7616.obj,Insect,13.269846,-15.660924
D00109_7512.obj,Insect,-5.5448823,-22.08419
D00732_7062.obj,Insect,42.166733,-10.514534
m15_5857.obj,Insect,45.28013,32.182938
D00180_6279.obj,Insect,-4.2312064,-21.468643
D00753_7301.obj,Insect,9.536003,-19.765186
m22_7632.obj,Insect,5.37255,-24.95745
D00734_5164.obj,Insect,10.508517,-24.417013
m11_5839.obj,Insect,44.52255,32.538006
D00814_7910.obj,Insect,4.456221,20.856226
D00160_7727.obj,Insect,-20.421602,-25.790148
D00136_8536.obj,Insect,13.141984,-22.989103
m24_7143.obj,Insect,-1.8055352,-10.870228
D00117_5090.obj,Insect,12.213712,-22.91678
D00989_5378.obj,Insect,23.079832,-12.157644
m0_5001.obj,Insect,17.566605,-2.2626185
D00662_7463.obj,Insect,29.332226,-16.51193
D00430_7307.obj,Insect,-11.692386,-11.940084
m21_6496.obj,Insect,-10.566091,-15.894319
D00333_6007.obj,Insect,2.718207,16.124033
m3_4549.obj,Insect,-2.7196245,-11.10888
m7_8185.obj,Insect,-2.6109376,-7.996044
D00309_6151.obj,Insect,-1.4389805,-10.886682
m26_5266.obj,Insect,-14.126175,-23.135641
m20_5954.obj,Insect,9.746883,-24.09958
D00102_6263.obj,Insect,-4.071387,-21.420633
m8_8181.obj,Insect,5.6108627,-20.769236
D00786_5767.obj,Insect,20.61428,-3.5091345
D00294_11434.obj,Insect,5.2836776,-7.887168
D00615_5324.obj,Insect,-4.8978763,-21.84386
m16_4630.obj,Insect,27.343607,-13.909955
m23_4961.obj,Insect,25.600262,-14.238457
D00806_7696.obj,Insect,-13.037472,-12.575272
D00672_6845.obj,Insect,12.723819,-15.487732
D00884_6663.obj,Insect,28.937471,-16.32239
m17_4998.obj,Insect,1.6933323,-5.1506305
m13_5046.obj,Insect,38.240948,-3.697605
D00713_6622.obj,Insect,-8.2166395,-28.66622
m12_4946.obj,Insect,1.5978429,-4.4645705
m25_4582.obj,Insect,-10.665412,-14.576612
D00291_5114.obj,Insect,39.41228,8.320096
m1_5332.obj,Insect,18.885164,1.4328301
m2_6708.obj,Insect,16.559084,-1.8615155
D00895_4516.obj,Insect,25.83088,-16.279734
D00315_7024.obj,Insect,10.478351,-1.2571021
D00788_6175.obj,Insect,23.75735,-15.020419
m6_9184.obj,Insect,-14.24381,-12.573201
m10_7852.obj,Insect,4.44193,20.806448
m4_6345.obj,Insect,20.236156,-2.577214
D01013_10664.obj,Bookset,-47.307774,-16.053082
D01038_8010.obj,Bookset,0.5394387,-16.13049
D01096_8958.obj,Bookset,-47.127384,-16.14156
D01190_9923.obj,Bookset,0.36051986,-17.27879
D01135_8312.obj,Bookset,-26.360401,-12.15423
D01042_11439.obj,Bookset,-65.16315,-5.6514173
D01183_10960.obj,Bookset,-64.95939,-4.9063725
D01065_11529.obj,Bookset,-46.576023,-16.098846
D01182_11249.obj,Bookset,-63.12587,-5.0848026
m1079_7865.obj,Tree,42.04391,9.259778
D00223_7417.obj,Tree,-38.44227,-20.272757
m1069_7150.obj,Tree,-35.321518,-19.570839
D00777_7372.obj,Tree,-0.27371496,-30.63278
D00393_7118.obj,Tree,-36.988697,-20.691235
D00367_8881.obj,Tree,2.4229026,-28.647636
m1093_5649.obj,Tree,24.54325,-8.354139
m1065_5686.obj,Tree,29.453472,-18.433424
m1090_5482.obj,Tree,35.65281,-12.135983
m1078_4934.obj,Tree,47.263306,18.800983
D00479_8391.obj,Tree,-38.33239,-23.655334
D00439_10725.obj,Tree,-26.989967,-18.049665
m1077_7950.obj,Tree,-18.61251,-28.905504
m1064_5196.obj,Tree,6.7248783,-29.431137
D00456_8453.obj,Tree,59.708992,-4.454276
D00385_7226.obj,Tree,-20.159716,-30.77354
D00911_7179.obj,Tree,-20.646011,-30.707155
m1082_8420.obj,Tree,20.86236,-10.755128
D00096_7144.obj,Tree,39.729294,-16.389423
D00765_7119.obj,Tree,-19.51974,-31.378565
D00200_7318.obj,Tree,8.797076,-30.568554
m1092_5804.obj,Tree,-13.2850065,-30.566313
D00996_7092.obj,Tree,-18.40787,-29.612757
m1075_4592.obj,Tree,-0.073399894,-22.879921
D00727_10529.obj,Tree,-50.41812,-23.437307
m1050_5410.obj,Tree,4.420683,-28.110521
m1098_8474.obj,Tree,-10.411804,-16.263119
m1086_6247.obj,Tree,44.093166,12.57023
D00810_7033.obj,Tree,-0.1882842,-28.183992
D00612_7333.obj,Tree,26.836155,-16.694208
m1091_6487.obj,Tree,-0.0008444954,-23.008259
D00573_7062.obj,Tree,18.16106,-18.057604
D00302_7559.obj,RectangleTable,-44.414696,8.818995
m878_8410.obj,RectangleTable,-70.45165,0.83950514
m876_9303.obj,RectangleTable,-65.63319,-4.30154
m882_10945.obj,RectangleTable,-48.62094,7.5322747
m894_11359.obj,RectangleTable,-50.684105,2.437181
D00714_11842.obj,RectangleTable,-12.740028,2.5682166
m872_9643.obj,RectangleTable,-42.503235,10.009703
m913_11555.obj,RectangleTable,-67.63192,-0.49017167
D00678_11941.obj,RectangleTable,-12.990866,-11.32644
m763_7965.obj,RectangleTable,-65.66154,3.3132925
D00134_10469.obj,RectangleTable,-47.846622,9.381038
m906_8712.obj,RectangleTable,1.7307014,20.251913
D00317_9632.obj,RectangleTable,25.293377,-2.4861786
D00571_9698.obj,RectangleTable,-46.270786,-12.244802
m887_11774.obj,RectangleTable,-25.906668,-18.014277
m881_10525.obj,RectangleTable,-37.28619,6.846852
D00766_8440.obj,RectangleTable,17.742052,-9.703608
m902_8092.obj,RectangleTable,-44.86484,-0.40839648
D00505_11005.obj,RectangleTable,-34.776615,7.9682965
m907_10602.obj,RectangleTable,-55.686405,0.38378456
D00230_9652.obj,RectangleTable,-50.549557,-0.45884332
m873_11428.obj,RectangleTable,-47.8156,9.693837
D00944_6697.obj,RectangleTable,-25.540174,-27.83917
D00954_8394.obj,RectangleTable,-44.047173,-21.43799
m917_9713.obj,RectangleTable,-48.213142,8.055811
D00421_8099.obj,RectangleTable,-11.501992,0.14918703
m893_8471.obj,RectangleTable,-68.835884,0.13735661
m877_10572.obj,RectangleTable,-49.186253,7.2083426
m879_8332.obj,RectangleTable,-42.755173,14.949566
m892_7746.obj,RectangleTable,7.3742175,-22.652594
D00523_6700.obj,RectangleTable,-48.492275,-2.1745787
D00603_7282.obj,RectangleTable,-41.899593,15.559176
m870_8980.obj,RectangleTable,-42.672733,9.046632
D00188_7758.obj,RectangleTable,0.92144454,-8.379014
m919_10446.obj,RectangleTable,-69.60036,0.8177122
m890_11005.obj,RectangleTable,-55.53626,-14.15144
m914_9087.obj,RectangleTable,-14.38112,6.3089175
m888_9545.obj,RectangleTable,-59.785015,-1.0612694
D00243_11394.obj,RectangleTable,-13.317817,1.5627428
m915_9079.obj,RectangleTable,-50.933144,9.462653
D00187_9876.obj,RectangleTable,-51.655155,9.577518
m883_9197.obj,RectangleTable,-71.246025,0.70128965
m912_9741.obj,RectangleTable,-47.578156,10.113065
m905_9960.obj,RectangleTable,-70.28747,0.9566576
m901_8453.obj,RectangleTable,-65.588036,-4.261409
m895_10002.obj,RectangleTable,-32.253754,5.9413304
m875_10019.obj,RectangleTable,3.173195,1.4900162
m897_9488.obj,RectangleTable,-44.54137,12.831662
D00530_10563.obj,RectangleTable,-65.99254,-1.3623041
m764_10710.obj,RectangleTable,-54.6198,-12.296211
m709_6598.obj,Sword,64.067444,15.341591
D00249_6727.obj,Sword,65.78898,19.859335
D00356_5012.obj,Sword,62.850048,-4.7332273
m689_5750.obj,Sword,2.1165166,-24.72466
m705_7910.obj,Sword,49.637794,-1.4246804
m696_5548.obj,Sword,60.56081,-6.14486
D00992_5872.obj,Sword,61.9318,-4.5366673
m691_8583.obj,Sword,65.794655,22.116144
m695_9880.obj,Sword,61.606956,-2.730585
D00177_5076.obj,Sword,57.43402,-1.9269056
D00133_7203.obj,Sword,61.28525,-3.5245774
D00066_6606.obj,Sword,62.875343,-3.5961535
D00906_6508.obj,Sword,62.322113,-3.5643191
m715_5548.obj,Sword,60.54834,-6.199454
D00540_8181.obj,Sword,66.86838,23.446697
m717_5082.obj,Sword,67.39802,23.767202
D00484_6873.obj,Sword,64.02089,15.356336
m710_6610.obj,Sword,62.843235,-3.5574071
m711_9457.obj,Sword,64.96761,21.069227
D00071_7223.obj,Sword,62.395344,-2.6636217
m331_9538.obj,Hand,-15.630893,-16.128767
m333_8113.obj,Hand,-46.41337,-22.543993
m334_8566.obj,Hand,-18.241512,-6.7358375
D01006_7929.obj,Hand,-22.44528,-19.339153
D01024_8571.obj,Hand,-18.248829,-6.7544746
m332_10159.obj,Hand,-52.75331,-19.628923
D01060_8729.obj,Hand,1.7917827,-12.488241
m325_8498.obj,Hand,1.5679609,-12.188916
D01093_8471.obj,Hand,4.5491786,-15.634273
m327_9276.obj,Hand,-18.593601,-16.086515
m328_6038.obj,Hand,-15.17985,-14.854378
m335_7929.obj,Hand,-26.26165,-19.99682
D01193_9274.obj,Hand,-16.444752,-16.161173
m324_6908.obj,Hand,22.898287,6.6928506
D01074_9538.obj,Hand,-15.155714,-16.081228
D01170_6730.obj,Hand,11.899934,-2.033557
D01097_6191.obj,Hand,-19.025095,-9.613849
m336_7538.obj,Hand,4.9074073,-13.888469
D01020_8524.obj,Hand,11.884807,-23.773537
m326_8727.obj,Hand,2.7362883,-13.813751
D01041_8501.obj,Hand,1.4885006,-13.843341
D01022_10869.obj,Hand,-5.0976114,1.7391286
m323_6828.obj,Hand,11.773497,-2.628175
D01117_6038.obj,Hand,-16.848648,-7.157528
D01172_6828.obj,Hand,11.999716,-3.0749106
m338_6730.obj,Hand,12.932679,-2.4961324
D01153_6908.obj,Hand,26.594507,12.023484
D01197_7112.obj,Hand,6.8911424,-23.476902
D01200_7314.obj,Hand,5.9257164,-23.955288
m329_6191.obj,Hand,-16.973406,-15.524003
D01118_7539.obj,Hand,6.4542956,-4.3269005
m330_10868.obj,Hand,-5.1178317,1.7256445
D01162_10159.obj,Hand,-56.483624,-21.17875
m1557_8489.obj,Car,-24.02898,3.490112
D00976_6895.obj,Car,-37.60598,-2.3834443
m1513_7324.obj,Car,36.4634,15.601746
m1521_10756.obj,Car,-17.884132,-12.284816
m1506_10989.obj,Car,-31.388266,6.7703524
m1517_8815.obj,Car,-14.033077,-0.6702998
m1539_8254.obj,Car,-23.587862,7.4806385
D00405_7001.obj,Car,-34.34899,-11.890385
m1530_7696.obj,Car,-13.032069,-0.46509618
m1528_7458.obj,Car,-9.4024,-4.936794
m1509_7221.obj,Car,-27.535807,5.912584
m1562_7557.obj,Car,-54.670055,-15.006765
m1508_8477.obj,Car,-2.6038542,13.347756
D00865_7078.obj,Car,-16.416498,1.3266531
m1518_7486.obj,Car,-23.705835,11.617449
m1522_8769.obj,Car,-16.021029,0.7273602
D00452_7318.obj,Car,-34.518604,-11.13879
m1546_9068.obj,Car,-31.157265,5.358945
m1489_8549.obj,Car,-35.801186,-11.216677
m1545_8278.obj,Car,-3.8115897,-5.186963
m1533_7374.obj,Car,-19.730097,7.58322
m1547_7722.obj,Car,-32.248955,4.998569
m1531_9281.obj,Car,-12.479173,-1.9339359
D00618_9823.obj,Car,-9.193244,-5.2718916
m1523_10601.obj,Car,-10.5481825,-2.5313358
m1485_6148.obj,Car,-24.697538,4.80133
m1553_9339.obj,Car,-17.209747,-13.054572
D00785_7248.obj,Car,-29.373228,-11.500635
m1548_8278.obj,Car,-3.8992238,-5.053782
m1563_10119.obj,Car,-42.45539,-3.5120647
m1550_9369.obj,Car,-18.65467,2.9206438
D00377_8260.obj,Car,-23.284725,7.669754
D00168_10380.obj,Car,-9.730693,-0.33541542
m1492_5914.obj,Car,-19.864119,-21.994823
m1519_9585.obj,Car,-9.421897,-0.4694847
m1560_8250.obj,Car,-28.840948,-7.9755964
D00504_5153.obj,Car,-30.76492,5.555229
m1561_8669.obj,Car,-35.202194,-17.960726
m1559_7476.obj,Car,-26.98661,0.2862198
m1514_6951.obj,Car,26.573969,-12.47685
m1500_11837.obj,Car,-22.35375,-8.691623
m1536_7915.obj,Car,-22.663,-8.519249
m1538_10903.obj,Car,-8.445884,-5.375858
m1555_7214.obj,Car,-6.1940312,-12.522147
D00670_7901.obj,Car,-13.67563,-1.520719
D00803_6947.obj,Car,-14.003947,13.7597685
m1490_10535.obj,Car,-26.940699,0.53691953
m1516_7362.obj,Car,-22.820911,10.824529
D00793_5322.obj,Car,-22.854239,9.867641
D00236_7005.obj,Car,-27.475334,-12.068712
m1496_8404.obj,Car,-15.720191,4.11992
m1525_7282.obj,Car,-24.280037,10.407296
m1502_8578.obj,Car,-2.7187796,15.614656
D00767_7026.obj,Car,-23.96439,7.152711
m1529_7594.obj,Car,-23.448355,8.529928
m1552_5247.obj,Car,-22.584497,9.68999
m1511_7094.obj,Car,-27.629707,7.666486
m1558_6943.obj,Car,-17.369751,7.982644
m1488_8915.obj,Car,-42.40264,-3.0040548
m1524_10497.obj,Car,-18.399603,1.6394227
m1532_7644.obj,Car,-33.882477,-12.597002
m1556_7271.obj,Car,-5.4484386,-3.732315
m1495_6870.obj,Car,-23.747047,10.547157
D00671_6791.obj,Car,-13.618283,0.22091758
m1498_5514.obj,Car,-17.635727,7.6521597
m1510_7326.obj,Car,6.2714095,-2.820064
m1505_7213.obj,Car,-2.6005516,13.393698
D00265_7947.obj,Car,-13.246155,-1.3181245
m1540_8492.obj,Car,-24.907894,10.219893
m1543_10106.obj,Car,-17.843506,5.0521665
m1487_7454.obj,Car,-40.388943,-2.0290177
m1507_6514.obj,Car,-15.233793,15.393039
D00260_6930.obj,Car,-29.49788,-6.010133
m1535_7055.obj,Car,-16.801315,5.164077
m1499_7001.obj,Car,-31.371735,-5.389322
D00724_7135.obj,Car,-27.893284,-12.404702
D00299_7393.obj,Car,-40.95256,-17.136808
m1512_6816.obj,Car,-2.1831977,10.703326
m1551_7074.obj,Car,-3.1899033,-3.1023815
m1503_5993.obj,Car,55.979652,3.243497
m1527_7315.obj,Car,-20.258207,8.330805
m1544_8847.obj,Car,7.794476,-2.6375902
m1515_7776.obj,Car,-5.665767,8.999521
m1486_5911.obj,Car,-32.047836,-11.667233
D00525_8309.obj,ComputerKeyboard,63.237705,27.676239
D00673_8591.obj,ComputerKeyboard,40.321003,31.570587
D00805_6954.obj,ComputerKeyboard,49.632603,30.526098
D00493_9086.obj,ComputerKeyboard,37.193954,33.615406
D00127_8814.obj,ComputerKeyboard,48.135994,29.935322
D00597_8460.obj,ComputerKeyboard,45.772144,30.932154
D00420_6643.obj,ComputerKeyboard,38.236954,32.275936
D00569_7874.obj,ComputerKeyboard,40.836594,32.77342
D00654_7831.obj,ComputerKeyboard,39.669693,30.11739
D00197_6987.obj,ComputerKeyboard,45.161964,28.313875
D00676_7956.obj,ComputerKeyboard,37.46023,31.77957
D00382_8346.obj,ComputerKeyboard,49.675156,30.343716
D00278_7501.obj,ComputerKeyboard,48.296524,28.917404
D00600_7825.obj,ComputerKeyboard,48.454372,30.509283
D00692_9887.obj,ComputerKeyboard,46.737766,30.550955
D00905_9036.obj,ComputerKeyboard,41.020493,31.29198
D00116_7776.obj,ComputerKeyboard,47.79037,29.065878
D00627_6564.obj,ComputerKeyboard,45.7454,28.871967
D00360_6193.obj,ComputerKeyboard,46.30131,30.089186
D00990_8011.obj,ComputerKeyboard,47.68013,31.02617
D00217_11492.obj,Bed,-38.823135,10.595188
m950_8877.obj,Bed,-65.89083,2.3762546
m946_7834.obj,Bed,-44.155506,12.503686
D00307_8893.obj,Bed,-31.67303,3.7232244
m949_8113.obj,Bed,-62.82222,-0.6675479
D00417_6689.obj,Bed,-42.793415,13.065324
D00210_7271.obj,Bed,-51.33162,3.281738
m948_9396.obj,Bed,-69.31525,1.1148034
D00650_9304.obj,Bed,-39.537033,10.895627
m947_8055.obj,Bed,-46.044796,14.141058
D00184_7218.obj,Bed,-42.769455,2.9084902
D00121_7373.obj,Bed,-46.49609,-2.044498
m945_8116.obj,Bed,-52.51438,7.3654246
D00988_8305.obj,Bed,-43.01398,13.52822
D00213_10008.obj,Bed,-39.69466,9.823181
D00545_11468.obj,Bed,-36.05934,7.167617
m951_11495.obj,Bed,-52.4687,4.4387093
D00322_9342.obj,Bed,-39.83074,16.48732
D00110_7818.obj,Bed,-35.514156,7.2619605
D00538_7136.obj,Bed,-46.65694,14.692074
D00839_6947.obj,Bed,-42.858353,14.01751
D00836_10626.obj,Bed,-21.889252,0.8421426
D00552_6349.obj,Bed,-32.82,11.709409
D00969_7054.obj,Bed,-41.492443,-3.4655704
D00565_8019.obj,Bed,-33.397243,6.8321476
D00735_8300.obj,Bed,-27.268429,1.943221
D00031_8609.obj,Bed,-41.752735,8.0839405
D00675_8068.obj,Violin,48.112843,4.1593647
D00743_7993.obj,Violin,52.265877,25.975437
D00108_7505.obj,Violin,47.671364,4.6759496
D00898_7672.obj,Violin,35.753136,19.250395
D00340_7629.obj,Violin,46.074936,20.897232
D00570_9798.obj,Violin,52.133972,22.531965
D00993_7350.obj,Violin,43.543358,10.454946
D00358_7592.obj,Violin,35.617706,20.8468
D00620_5065.obj,Violin,46.825947,20.510277
D00216_8408.obj,Violin,34.49168,15.339689
D00704_6997.obj,Violin,48.41041,20.088339
D00506_8208.obj,Violin,43.843018,7.538715
D00324_8156.obj,Violin,44.950138,4.8822536
D00250_8418.obj,Violin,35.919727,17.685938
D00701_9244.obj,Violin,59.979923,20.731289
D00602_8170.obj,Violin,44.917675,7.5986156
D00349_7661.obj,Violin,24.073809,27.249891
D00598_6831.obj,Violin,58.121487,29.841803
D00891_6136.obj,Violin,37.843555,18.426414
D00444_7130.obj,Monitor,-4.6334796,18.443506
D00412_9994.obj,Monitor,-28.943508,4.756902
D00007_8279.obj,Monitor,-20.102453,-24.150694
D00919_11291.obj,Monitor,-31.931444,0.049217436
D00659_8115.obj,Monitor,-52.18251,-24.550114
D00920_8721.obj,Monitor,-1.2106096,18.840952
D01000_7252.obj,Monitor,17.095135,-13.626444
D00863_6206.obj,Monitor,2.9981923,27.986427
D00852_6196.obj,Monitor,-59.11347,-11.246526
D00469_9186.obj,Monitor,-50.596134,-20.511295
D00387_6560.obj,Monitor,27.465498,1.6597712
D00336_9494.obj,Monitor,-37.27189,-4.530487
D00229_9493.obj,Monitor,-35.84784,0.3153561
D00364_7180.obj,Monitor,-51.19351,-18.406988
D00141_8276.obj,Monitor,-29.49837,-2.8158276
D00915_5124.obj,Monitor,12.676021,36.148502
D00978_7418.obj,Monitor,-57.11718,-21.980324
D01068_5538.obj,City,6.4185395,30.13751
D01079_9201.obj,City,46.035286,-1.1903776
D01181_5137.obj,City,35.400616,-18.301386
D01173_7652.obj,City,42.97837,31.624132
m1662_9201.obj,City,46.296375,-1.2005186
D01124_5211.obj,City,-18.795315,22.682608
m1660_7647.obj,City,42.989445,31.984215
D01090_7089.obj,City,2.6895893,23.213375
D01195_6905.obj,City,30.63038,-7.874148
D01056_11054.obj,City,-30.156136,3.859858
m1659_5804.obj,City,-29.489033,15.533004
m1661_7976.obj,City,2.0348167,24.482058
m1664_7573.obj,City,-9.995139,-7.446608
D01010_7622.obj,City,-16.757032,-6.3836527
D01092_8991.obj,City,-36.3083,1.8320451
D01101_6858.obj,City,41.934322,31.201551
D01007_9158.obj,City,34.195427,-19.863007
D01039_7983.obj,City,2.059882,24.344612
D01103_7930.obj,City,13.157221,21.418472
m1652_7935.obj,City,12.994365,21.295902
D01066_9894.obj,City,59.082405,-4.498283
m1654_5538.obj,City,6.3086977,29.83958
D01018_6529.obj,City,59.77338,-4.2447543
D01192_7287.obj,City,9.505621,-6.6262817
D01001_6645.obj,City,47.62966,-3.7386806
D01133_5804.obj,City,-29.280941,15.554554
m498_9145.obj,Cup,-64.06163,-3.5690935
D00457_7100.obj,Cup,29.194714,25.948084
D00463_11002.obj,Cup,-60.34047,-1.5458398
m495_7680.obj,Cup,-54.806194,-0.5819854
m494_7778.obj,Cup,6.890497,9.510903
D00206_8709.obj,Cup,-63.510086,-2.9992518
m500_9165.obj,Cup,-62.998844,-2.539394
D00642_8062.obj,Cup,23.267948,24.37532
m526_11878.obj,Cup,-41.114094,-23.35126
D00035_7817.obj,Cup,-53.508324,-16.837664
D00550_6898.obj,Cup,-54.13838,-0.13612258
D00638_6786.obj,Cup,-54.58989,-0.755682
D00738_7033.obj,Cup,-35.18985,-2.7625568
m496_10913.obj,Cup,-49.08538,-5.6812143
D00882_11986.obj,Cup,-31.31869,-15.816604
m497_9686.obj,Cup,-5.3155904,-6.0818486
D00587_7102.obj,Cup,-4.552015,-1.4708269
D00519_8069.obj,Cup,-14.534869,6.8929734
m499_7955.obj,Cup,-56.755077,10.526575
D00363_5433.obj,Cup,61.913795,-5.963657
D00174_7283.obj,Cup,-10.988104,-13.713092
D00874_9403.obj,Cup,-58.71198,-5.881688
m502_9615.obj,Cup,-51.01575,-5.3661866
D00355_7114.obj,Cup,52.20588,24.442944
D00843_9127.obj,Cup,9.406615,9.338345
m501_10642.obj,Cup,-50.264782,-5.44346
D00067_9433.obj,Cup,-8.066313,5.8966875
m101_8260.obj,Quadruped,-23.673576,-20.372406
m107_6764.obj,Quadruped,-21.040354,-5.158613
D00794_8184.obj,Quadruped,-17.854004,21.658716
m87_7707.obj,Quadruped,-14.075109,-12.351855
D00111_9453.obj,Quadruped,-1.8334504,-14.1925125
D00831_5444.obj,Quadruped,2.293183,-7.236082
m282_7505.obj,Quadruped,-14.239698,-24.424911
D00261_7172.obj,Quadruped,0.040969077,-12.402072
D00700_9174.obj,Quadruped,-19.630402,21.0136
m105_6532.obj,Quadruped,-6.113438,-9.721604
m97_7588.obj,Quadruped,-3.6450553,-13.494696
m110_11122.obj,Quadruped,-35.7453,-21.876085
D00150_7262.obj,Quadruped,-26.641922,-7.0513377
m108_7363.obj,Quadruped,-21.466076,-3.1659584
m274_7025.obj,Quadruped,3.8971035,-18.486868
D00326_6083.obj,Quadruped,3.4283395,-8.516219
m106_4891.obj,Quadruped,13.920927,-0.85008943
m86_4643.obj,Quadruped,25.821789,-11.033445
D00509_8159.obj,Quadruped,-18.621578,22.438828
m92_6617.obj,Quadruped,-21.416449,-5.049061
D00508_6602.obj,Quadruped,-21.756659,17.78951
m90_10277.obj,Quadruped,-29.228575,-17.188505
m281_7056.obj,Quadruped,-2.0590866,-8.514403
m94_6658.obj,Quadruped,20.099022,0.36386713
D00867_7873.obj,Quadruped,-17.539225,13.697082
m112_7691.obj,Quadruped,-52.10462,-17.2156
m279_5449.obj,Quadruped,36.85529,-5.1510105
D00934_5893.obj,Quadruped,3.1606028,-10.093393
D00757_9941.obj,Quadruped,-28.569546,-16.333334
D00409_7347.obj,Quadruped,-21.503954,17.715597
m275_6255.obj,Quadruped,39.794785,-9.757269
m95_6733.obj,Quadruped,12.980144,-3.4432142
m277_7906.obj,Quadruped,-15.71613,-16.895395
m93_10464.obj,Quadruped,5.0504365,-7.917419
m104_7724.obj,Quadruped,-5.9868402,-9.499956
m91_6510.obj,Quadruped,-21.131714,-5.234204
m103_6648.obj,Quadruped,10.338403,-7.210766
m98_8034.obj,Quadruped,-3.7148948,-13.504245
D00841_6686.obj,Quadruped,3.799045,-7.6718917
D00226_7039.obj,Quadruped,0.04790175,-11.689174
D00795_6759.obj,Quadruped,0.49259582,1.4643784
m88_6342.obj,Quadruped,6.3525667,-5.171373
m99_8291.obj,Quadruped,-12.205348,-1.4096539
D00380_6835.obj,Quadruped,2.5344896,-7.7788935
D00218_7588.obj,Quadruped,-11.884838,-8.8834505
m280_8268.obj,Quadruped,4.9263906,-4.729923
m111_8624.obj,Quadruped,-18.808943,-17.752138
D00583_6893.obj,Quadruped,21.778471,-7.9020433
m109_10783.obj,Quadruped,-21.439308,-27.948732
m89_7259.obj,Quadruped,-46.394398,9.473918
m102_10387.obj,Quadruped,-18.151264,-25.720469
D00663_7226.obj,Quadruped,-36.382256,6.972517
m96_5169.obj,Quadruped,-19.954876,20.598143
m100_9761.obj,Quadruped,-17.434635,-16.933475
m278_8492.obj,Quadruped,2.9200182,-11.389737
m1118_7416.obj,Biplane,12.921014,-1.8279786
D00515_5381.obj,Biplane,2.335519,12.864681
m1135_8851.obj,Biplane,25.659475,10.317064
m1126_8519.obj,Biplane,-4.5087504,-14.556214
m1121_7897.obj,Biplane,10.429242,-15.0252905
m1122_6704.obj,Biplane,34.63367,-19.899513
D00178_4669.obj,Biplane,6.646333,13.340301
m1143_9342.obj,Biplane,13.408472,-13.07468
D00132_9281.obj,Biplane,18.19201,14.454852
m1124_7904.obj,Biplane,24.676771,-5.0987477
m1123_9268.obj,Biplane,10.108905,-13.7211275
m1129_8638.obj,Biplane,12.671327,-12.329118
D00373_5941.obj,Biplane,11.662403,16.858648
m1119_8745.obj,Biplane,-6.4711576,-13.67587
m1134_8012.obj,Biplane,39.733196,3.9385707
m1120_6693.obj,Biplane,0.46829507,14.277035
D00854_6446.obj,Biplane,15.788544,-12.427394
D00199_9090.obj,Biplane,10.57481,-12.740083
m1138_10016.obj,Biplane,-5.9261794,-16.357372
D00666_6417.obj,Biplane,-4.941431,-15.686083
m1141_6526.obj,Biplane,18.457464,-14.437445
m1144_10370.obj,Biplane,11.925182,-10.909694
D00634_7146.obj,Biplane,10.336481,-11.618122
m1125_8495.obj,Biplane,-6.6460557,-13.391749
D00410_8656.obj,Biplane,24.321445,-1.6087785
m1132_8651.obj,Biplane,24.464252,-6.369105
m1127_9296.obj,Biplane,7.158049,-9.137572
m1131_8415.obj,Biplane,9.412627,-11.346243
m1146_5322.obj,Biplane,38.331085,-6.819333
D00601_6251.obj,Biplane,-6.8906016,-14.382637
D00320_9723.obj,Biplane,41.770725,-13.476079
m1137_8071.obj,Biplane,47.18027,9.225677
D00632_7868.obj,Biplane,11.220517,-12.024071
D00890_7112.obj,Biplane,10.0275135,-15.684291
D00490_7168.obj,Biplane,15.227183,-18.746027
D00246_5048.obj,Biplane,52.3271,-4.8414702
m1139_7844.obj,Biplane,9.874279,-12.634418
m1133_8156.obj,Biplane,11.529138,-12.165439
D00277_5790.obj,Biplane,41.683613,-16.048641
D00069_9175.obj,Biplane,14.352282,-15.545423
D00616_6988.obj,Biplane,38.276176,14.355718
m1128_6525.obj,Biplane,-4.8252363,-15.483047
D00900_7414.obj,Biplane,41.033173,-14.494089
D00276_9585.obj,Biplane,-14.830186,-20.62827
m1152_5333.obj,Jet,12.923848,-9.910376
m1196_8286.obj,Jet,40.365433,-0.7052553
m1199_4932.obj,Jet,42.813717,3.8074691
m1159_5333.obj,Jet,12.426133,-10.028686
m1259_6769.obj,Jet,18.64791,10.359828
m1284_6334.obj,Jet,58.48885,-5.155011
m1300_5455.obj,Jet,22.001469,-9.065294
m1274_4832.obj,Jet,33.084873,-6.0424433
m1215_5134.obj,Jet,28.764084,-5.6312685
m1210_8220.obj,Jet,28.145788,-6.4142303
m1298_6296.obj,Jet,20.546066,-5.480993
m1260_6906.obj,Jet,38.822437,-0.007661426
m1187_5116.obj,Jet,33.974556,-1.7674325
m1294_5262.obj,Jet,52.713234,-1.5148886
m1223_5439.obj,Jet,35.180958,-4.211514
m1263_7727.obj,Jet,29.153772,-9.38825
m1255_8055.obj,Jet,38.86359,19.965338
m1194_9045.obj,Jet,40.293873,-2.4956467
m1299_4858.obj,Jet,23.257683,-2.7972124
m1188_4969.obj,Jet,33.651688,-0.34608144
m1211_5104.obj,Jet,29.443918,-5.621949
m1214_5456.obj,Jet,40.876175,2.529073
m1295_7926.obj,Jet,53.878056,0.52193487
m1222_8420.obj,Jet,27.31552,-15.963765
m1262_8128.obj,Jet,46.042034,4.446034
m1212_5483.obj,Jet,37.388443,0.28868604
m1216_4740.obj,Jet,35.262657,-2.418008
m1251_7686.obj,Jet,40.271046,5.231453
m1261_8754.obj,Jet,38.07236,0.054335684
m1218_6388.obj,Jet,38.597885,13.265913
m1258_7165.obj,Jet,24.671818,0.7305464
m1266_10324.obj,Jet,47.32124,0.5364388
m1201_6769.obj,Jet,18.664665,10.417259
m1290_4663.obj,Jet,32.163918,-8.039581
m1165_4800.obj,Jet,19.471956,15.366622
m1292_5648.obj,Jet,38.47318,-3.7151945
m1221_6706.obj,Jet,39.43525,-12.98885
m1296_8399.obj,Jet,45.06045,-6.3439093
m1224_4866.obj,Jet,52.791092,-0.4072813
m1153_5430.obj,Jet,22.794128,-4.565576
m1195_7551.obj,Jet,38.979904,-0.31131232
m1225_8250.obj,Jet,44.957897,3.2322707
m1175_6122.obj,Jet,25.166271,-0.6032476
m1149_5309.obj,Jet,29.247849,-1.5360882
m1291_7634.obj,Jet,28.678818,-5.413271
m1239_7777.obj,Jet,27.634827,-5.1132507
m1248_6800.obj,Jet,21.676786,0.3889281
m1250_9094.obj,Jet,39.28836,-6.5348682
m1228_4947.obj,Jet,50.265884,-0.22849263
m1241_8657.obj,Jet,26.324669,-4.593529
m1173_11154.obj,Jet,50.918816,0.8125072
m1219_5073.obj,Jet,28.457922,-6.239176
m1220_4645.obj,Jet,37.75179,2.2246644
m1171_8493.obj,Jet,32.60154,-4.0575323
m1209_7572.obj,Jet,15.315269,-8.739678
m1183_11447.obj,Jet,30.115469,1.4632298
m1247_5884.obj,Jet,21.948225,-2.6776733
m1256_9398.obj,Jet,48.433018,-2.712363
m1249_5872.obj,Jet,21.07709,-6.639351
m1181_5483.obj,Jet,33.307064,-3.8873205
m1230_4973.obj,Jet,34.74458,-1.0754235
m1200_4762.obj,Jet,39.660126,12.30593
m1229_7708.obj,Jet,43.800278,9.269294
m1264_5868.obj,Jet,31.569145,-5.224705
m1242_6200.obj,Jet,49.77876,0.7240296
m1288_8065.obj,Jet,26.734257,-8.536091
m1161_5306.obj,Jet,27.100197,-0.4169677
m1191_5309.obj,Jet,25.380733,-5.538771
m1293_5817.obj,Jet,53.385944,-0.8199388
m1208_5270.obj,Jet,36.873642,-4.206828
m1158_4999.obj,Jet,9.294952,-20.857574
m1168_4629.obj,Jet,42.091213,5.683872
m1253_9057.obj,Jet,40.22925,-1.2705593
m1169_7686.obj,Jet,40.219257,5.174459
m1180_5786.obj,Jet,35.33914,-3.880448
m1252_8377.obj,Jet,49.70997,0.079134285
m1163_4774.obj,Jet,37.604797,-6.525244
m1202_7512.obj,Jet,44.79598,6.624482
m1289_5078.obj,Jet,15.074639,-18.639431
m1167_8395.obj,Jet,24.73397,0.3132959
m1205_10200.obj,Jet,37.011295,-0.76045126
m1257_8812.obj,Jet,48.33971,-3.109759
m1243_4728.obj,Jet,46.80536,11.681038
m1235_5190.obj,Jet,39.95222,7.9379296
m1172_9949.obj,Jet,45.348946,6.832003
m1227_4901.obj,Jet,49.1647,0.038579363
m1354_5724.obj,Starship,9.040229,9.322522
m1372_9515.obj,Starship,4.2229834,16.458683
m1379_8757.obj,Starship,16.935835,-8.060912
m1374_8080.obj,Starship,43.387577,5.337813
m1370_7790.obj,Starship,20.911076,-1.3059499
m1360_10062.obj,Starship,44.02102,-8.745979
m1353_7999.obj,Starship,21.220016,-2.0924628
m1355_7730.obj,Starship,-0.40345198,-1.9247189
m1384_8776.obj,Starship,21.872648,-13.846849
m1358_8205.obj,Starship,22.886059,-2.0526938
m1385_6071.obj,Starship,8.965245,-27.133963
m1368_7272.obj,Starship,42.65318,4.431707
m1357_9664.obj,Starship,22.581873,13.023618
m1359_8153.obj,Starship,5.099827,-14.871614
m1369_8428.obj,Starship,37.20818,10.441789
m1361_8124.obj,Starship,2.6466858,16.197548
m1362_7132.obj,Starship,22.028858,-3.0763605
m1371_7513.obj,Starship,43.502144,-9.1500845
m1386_7508.obj,Starship,-15.726024,-19.268225
m1356_7709.obj,Starship,9.429488,16.213642
m1380_6672.obj,Starship,1.4741473,-28.951849
m1373_6098.obj,Starship,33.014763,5.5843253
m1364_9018.obj,Starship,-0.15376467,-2.2839239
m1381_7251.obj,Starship,-29.347479,-18.472553
m1383_8722.obj,Starship,41.178356,-17.082804
m1375_9977.obj,Starship,4.198117,-27.398142
m1382_7006.obj,Starship,-16.225979,-19.48886
m1366_6086.obj,Starship,21.083153,-2.8062644
m1365_10139.obj,Starship,4.484759,16.59808
m635_6994.obj,Musical_Instrument,54.07566,3.8660936
m625_7948.obj,Musical_Instrument,57.263992,21.01373
m644_7218.obj,Musical_Instrument,-4.6517158,-22.892178
m628_5490.obj,Musical_Instrument,60.612495,26.218712
m643_9911.obj,Musical_Instrument,-41.756012,-11.787197
m632_8448.obj,Musical_Instrument,52.190125,-0.09275122
m631_6435.obj,Musical_Instrument,58.903034,26.990757
m630_9048.obj,Musical_Instrument,57.06428,21.70618
m645_8304.obj,Musical_Instrument,-26.35404,-17.453716
m639_5656.obj,Musical_Instrument,58.533302,28.65918
m637_8636.obj,Musical_Instrument,61.069435,29.739033
m641_9057.obj,Musical_Instrument,47.369648,16.098967
m647_9026.obj,Musical_Instrument,-4.98492,18.250694
m640_7694.obj,Musical_Instrument,22.844385,3.4103508
m634_10718.obj,Musical_Instrument,63.859253,22.986996
m627_7445.obj,Musical_Instrument,49.277996,4.9405994
m646_11330.obj,Musical_Instrument,-41.353344,-12.2757225
m626_7532.obj,Musical_Instrument,63.44081,23.967957
m629_8225.obj,Musical_Instrument,64.28959,15.608927
m404_10598.obj,BuildingNonResidential,4.420546,-30.843151
m392_9860.obj,BuildingNonResidential,-33.771362,-3.2226005
m391_8085.obj,BuildingNonResidential,-41.29785,-17.455671
m401_6936.obj,BuildingNonResidential,11.37345,-20.215658
m408_10062.obj,BuildingNonResidential,-15.435088,-8.95463
m389_9585.obj,BuildingNonResidential,-50.204796,-0.14613624
m477_7592.obj,BuildingNonResidential,-0.95859575,8.44055
m471_6410.obj,BuildingNonResidential,26.975721,20.226376
m399_7530.obj,BuildingNonResidential,-57.596375,10.060895
m409_8192.obj,BuildingNonResidential,-1.3392359,1.7638323
m415_11856.obj,BuildingNonResidential,-21.277239,-30.30716
m382_11459.obj,BuildingNonResidential,-61.76434,-7.5471244
m394_8262.obj,BuildingNonResidential,-68.35012,-4.5702696
m414_11942.obj,BuildingNonResidential,-68.339134,-2.3157601
m481_4816.obj,BuildingNonResidential,-50.743916,8.354985
m384_10534.obj,BuildingNonResidential,8.690686,-21.575556
m478_5880.obj,BuildingNonResidential,1.9231544,18.463037
m383_10551.obj,BuildingNonResidential,-39.435738,-23.832832
m416_7056.obj,BuildingNonResidential,8.670793,-7.182429
m400_11284.obj,BuildingNonResidential,-50.21011,-25.460316
m393_10889.obj,BuildingNonResidential,-49.33499,-22.969887
m398_8444.obj,BuildingNonResidential,-38.28766,-23.8823
m479_4819.obj,BuildingNonResidential,6.265392,-3.11767
m387_10685.obj,BuildingNonResidential,-61.353966,0.5939773
m410_7996.obj,BuildingNonResidential,-42.51603,-15.457371
m402_7144.obj,BuildingNonResidential,-22.261324,-31.956554
m405_7450.obj,BuildingNonResidential,-63.765446,-6.820007
m413_9057.obj,BuildingNonResidential,-62.86734,-9.299601
m418_10117.obj,BuildingNonResidential,-66.618286,-4.276525
m420_7226.obj,BuildingNonResidential,-44.279728,-4.5751834
m421_6853.obj,BuildingNonResidential,-32.48399,-2.4905195
m472_7735.obj,BuildingNonResidential,-5.8897204,4.882824
m412_7609.obj,BuildingNonResidential,30.292847,-2.1683419
m396_10210.obj,BuildingNonResidential,-59.75221,-4.9990244
m474_9645.obj,BuildingNonResidential,-66.26136,1.3307868
m386_8516.obj,BuildingNonResidential,-67.79765,-1.3931161
m470_4804.obj,BuildingNonResidential,49.46493,-4.8290424
m385_10500.obj,BuildingNonResidential,-52.806065,-15.750324
m406_7328.obj,BuildingNonResidential,-21.712025,-32.783627
m1349_6372.obj,AircraftBuoyant,11.567844,-0.5834863
m1341_6096.obj,AircraftBuoyant,13.682569,-24.314419
m1350_7777.obj,AircraftBuoyant,11.978683,3.279228
m1348_6261.obj,AircraftBuoyant,8.623669,0.9289212
m1346_6244.obj,AircraftBuoyant,8.617666,1.1758535
m1338_8761.obj,AircraftBuoyant,-65.432,-10.696384
m1340_5451.obj,AircraftBuoyant,14.233001,-24.509401
m1337_9268.obj,AircraftBuoyant,-66.80337,-10.966474
m1343_8326.obj,AircraftBuoyant,-48.5817,-21.943295
m1352_10126.obj,AircraftBuoyant,1.9090871,-16.150227
m1347_10453.obj,AircraftBuoyant,1.1723974,-20.04919
m1345_9374.obj,AircraftBuoyant,-23.670837,-32.361313
m1344_8254.obj,AircraftBuoyant,-54.439377,-26.815273
m1339_9990.obj,AircraftBuoyant,-34.545357,-15.691083
m1342_8948.obj,AircraftBuoyant,-41.59111,-21.703012
D00997_10223.obj,Cellphone,0.66971034,-9.643603
D00152_6474.obj,Cellphone,-14.565453,7.657144
D00559_9922.obj,Cellphone,10.849044,1.6571804
D00817_5206.obj,Cellphone,-37.024097,10.506515
D00327_6318.obj,Cellphone,3.0831866,9.112678
D00032_10412.obj,Cellphone,-16.928762,0.0630524
D00979_9441.obj,Cellphone,10.853604,1.6353052
D00902_9627.obj,Cellphone,-24.439533,-7.9538946
D00079_6860.obj,Cellphone,15.325712,12.717132
D00848_9745.obj,Cellphone,36.787247,24.379028
D00542_7191.obj,Cellphone,52.67511,-8.01904
D00554_7384.obj,Cellphone,1.4150937,9.026005
D00362_7123.obj,Cellphone,-41.852016,13.233135
D00440_5608.obj,Cellphone,26.661997,6.45624
D00018_6768.obj,Cellphone,42.556915,29.01511
D00192_9216.obj,Cellphone,-0.06403852,9.813732
D00527_8796.obj,Cellphone,8.637801,29.848341
D00248_5754.obj,Cellphone,34.544346,1.1920307
D00369_9757.obj,Cellphone,12.701564,0.66190004
D00951_7993.obj,Drum,-48.417847,-2.8417373
D00404_8130.obj,Drum,-64.159744,-4.9495196
D00163_8433.obj,Drum,-64.240036,-8.149745
D00375_7770.obj,Drum,-55.503086,-23.269455
D00709_7873.obj,Drum,-57.401367,-13.5579815
D00189_8117.obj,Drum,-31.467855,-16.17521
D00939_5390.obj,Drum,-67.787056,-6.4553823
D00980_5653.obj,Drum,-61.463676,-11.143955
D00557_9466.obj,Drum,-66.34279,-8.10196
D00383_8393.obj,Drum,-68.847046,-2.919033
D00026_5506.obj,Drum,-23.86713,-23.4608
D00297_5561.obj,Drum,-60.35023,-21.475113
D00063_8245.obj,Drum,-69.854195,-1.7011168
D00551_10045.obj,Drum,-65.089935,-9.212087
D00115_8010.obj,Drum,-52.188614,-19.680506
D00308_10305.obj,Drum,-65.62947,-8.669382
D00596_8184.obj,Drum,-60.457134,-1.5034811
D00617_7440.obj,Monoplane,4.017753,30.033098
D00262_5454.obj,Monoplane,42.265034,7.3690686
D00798_8122.obj,Monoplane,34.072777,-3.2311032
D00482_8159.obj,Monoplane,47.43999,-1.0534672
D00019_4969.obj,Monoplane,37.84287,-4.772034
D00304_8032.obj,Monoplane,55.76619,19.372139
D00402_5174.obj,Monoplane,36.403477,-1.8242086
D00864_5581.obj,Monoplane,35.85184,-7.417898
D00688_5849.obj,Monoplane,43.152153,-3.0363078
D00043_4507.obj,Monoplane,26.627008,-6.333149
D00840_5921.obj,Monoplane,19.686522,15.445398
D00169_4559.obj,Monoplane,11.709429,13.400993
D00098_5280.obj,Monoplane,11.527175,13.4688635
D00925_4631.obj,Monoplane,31.130941,-5.486034
D00021_9543.obj,Motorcycle,-14.957876,12.118103
D00476_7143.obj,Motorcycle,26.255249,0.3633998
D00054_5300.obj,Motorcycle,16.678446,1.2674867
m1481_9565.obj,Motorcycle,7.3304744,-2.3107612
D00342_6940.obj,Motorcycle,17.726555,1.1828265
D00544_7049.obj,Motorcycle,17.184027,0.23196022
m1482_7351.obj,Motorcycle,26.210913,18.530813
D00395_7334.obj,Motorcycle,21.553934,-11.128151
D00886_7452.obj,Motorcycle,26.50818,17.735462
D00224_7614.obj,Motorcycle,-0.41016468,7.9730945
D00288_6697.obj,Motorcycle,18.964945,-4.651107
D00396_10284.obj,Motorcycle,18.806883,-1.3690591
D00594_7095.obj,Motorcycle,16.665438,0.65048325
D00039_7052.obj,Motorcycle,-0.39650562,-8.448007
D00345_7261.obj,Motorcycle,-0.12152458,-9.407071
m1479_7050.obj,Motorcycle,17.483215,-0.095145695
m1483_7364.obj,Motorcycle,-13.681919,15.166687
D00945_7776.obj,Motorcycle,-5.629743,8.360214
D00269_11533.obj,Motorcycle,15.871622,1.4381895
m1484_8047.obj,Motorcycle,6.18988,-1.9849806
D00768_9288.obj,Motorcycle,10.636211,-20.671581
m1480_9543.obj,Motorcycle,-14.918076,12.200047
D00521_7015.obj,Motorcycle,32.58903,7.8030295
D00858_6881.obj,Motorcycle,-2.8677092,16.92137
D00880_5713.obj,Motorcycle,-27.605642,7.698821
D00703_7313.obj,Motorcycle,-13.671204,15.280098
D00222_8097.obj,Guitar,51.450333,15.608181
D00097_6029.obj,Guitar,51.509876,21.950115
D00534_9071.obj,Guitar,47.36749,16.12292
D00414_7661.obj,Guitar,49.122093,19.599367
D00849_6053.obj,Guitar,58.911327,26.918299
D00023_7798.obj,Guitar,57.06231,20.833693
D00416_8992.obj,Guitar,57.628525,21.82906
D00124_9147.obj,Guitar,63.058258,23.82343
D00076_8889.obj,Guitar,64.00531,19.092388
D00232_7781.obj,Guitar,57.767567,23.033148
D00645_8141.obj,Guitar,51.85998,0.72634065
D00464_9055.obj,Guitar,47.015347,21.561924
D00844_9253.obj,Guitar,11.632822,17.740795
D00655_8251.obj,Guitar,62.505554,27.300985
D00461_8636.obj,Guitar,61.06649,29.740295
D00494_6308.obj,Guitar,54.59967,3.3078907
D00549_5691.obj,Guitar,60.580708,26.240925
D00041_6287.obj,Guitar,54.14861,2.8154128
D00335_7067.obj,Guitar,52.46603,22.889458
D00131_5161.obj,HumanHead,-57.95786,-25.08915
D00487_7881.obj,HumanHead,-58.632977,-20.011278
D00072_5284.obj,HumanHead,-57.837452,-22.594494
D00758_8184.obj,HumanHead,-53.93737,-24.320517
D00488_6211.obj,HumanHead,-58.95679,-25.996922
m358_9187.obj,HumanHead,-52.799313,-24.928621
m365_10262.obj,HumanHead,-53.84251,-20.728449
D00013_5244.obj,HumanHead,-46.072464,-24.675283
m354_7680.obj,HumanHead,-36.63054,-22.441862
m361_8758.obj,HumanHead,-53.239166,-20.793982
D00984_11830.obj,HumanHead,-37.424625,-26.863686
D00313_6146.obj,HumanHead,-59.07769,-23.936098
m346_8970.obj,HumanHead,-48.91918,-22.712975
m360_8639.obj,HumanHead,-58.367744,-16.56658
m340_10492.obj,HumanHead,-65.745255,-9.786154
m370_5641.obj,HumanHead,4.356385,-32.935062
D00566_8586.obj,HumanHead,-54.17414,-24.983677
m369_9843.obj,HumanHead,-19.648073,13.557936
m350_10577.obj,HumanHead,-59.2101,-15.756712
m367_7876.obj,HumanHead,-39.230747,-25.00236
m352_8416.obj,HumanHead,-58.974552,-16.035408
m349_8067.obj,HumanHead,-55.604942,-25.535343
m362_7655.obj,HumanHead,-54.826706,-25.17067
m363_9690.obj,HumanHead,-57.873444,-21.095219
D00910_8871.obj,HumanHead,-57.293083,-19.230944
D00578_7968.obj,HumanHead,-58.800045,-25.822437
D00690_5253.obj,HumanHead,-37.428516,-5.514574
m364_9009.obj,HumanHead,-49.320877,-24.80923
m353_7896.obj,HumanHead,-44.37914,-25.222586
D00653_10029.obj,HumanHead,-36.958046,-26.6615
D00434_8790.obj,HumanHead,-54.73854,-24.49045
m359_9448.obj,HumanHead,-65.23181,-9.984723
m345_8752.obj,HumanHead,-59.366196,-21.250246
m342_8694.obj,HumanHead,-50.584175,-24.67136
m348_9166.obj,HumanHead,-26.077963,-31.027197
m357_11513.obj,HumanHead,-59.638474,-19.09436
m344_8912.obj,HumanHead,-36.902615,-21.881165
D00591_5167.obj,HumanHead,-35.73562,-13.907219
m366_10107.obj,HumanHead,-35.811855,-27.162392
m351_10386.obj,HumanHead,-55.0758,-24.395163
m356_10725.obj,HumanHead,-59.60585,-19.17148
m341_9796.obj,HumanHead,-56.663685,-22.134834
m343_9706.obj,HumanHead,-52.8151,-20.441744
m355_10304.obj,HumanHead,-49.257797,-21.65168
D00610_11451.obj,HumanHead,-57.121666,-21.001408
D00629_9649.obj,HumanHead,-55.358444,-24.019829
m368_7785.obj,HumanHead,-56.546124,-14.855271
D00106_5276.obj,HumanHead,-33.25384,-26.305634
D00205_9941.obj,HumanHead,-41.493565,-24.418045
m748_8860.obj,Wheel,-41.14502,-6.3468204
m735_9406.obj,Wheel,-35.438972,4.189468
m738_11922.obj,Wheel,-39.13876,-12.987031
m739_9249.obj,Wheel,-20.98294,-18.240746
m749_9372.obj,Wheel,-32.855774,4.263123
m746_9725.obj,Wheel,-20.252417,-31.353783
m737_10375.obj,Wheel,-61.276535,-8.764997
m741_10719.obj,Wheel,-68.67366,-2.985345
m740_8497.obj,Wheel,-52.81509,-12.612613
m742_11580.obj,Wheel,-42.709427,-2.0202723
m747_8569.obj,Wheel,-32.794434,3.606826
m743_11093.obj,Wheel,-35.296604,4.1507974
m744_11236.obj,Wheel,-56.284344,-16.285103
m734_8706.obj,Wheel,-32.378685,2.8086264
m1327_7851.obj,Helicopter,51.440014,6.45646
m1334_5085.obj,Helicopter,37.25616,-13.727852
m1305_7105.obj,Helicopter,52.381416,-3.187076
D00473_5823.obj,Helicopter,51.910164,-8.317643
D00361_6819.obj,Helicopter,50.72837,-8.427574
m1304_5470.obj,Helicopter,27.60763,-13.081203
m1320_7818.obj,Helicopter,51.394176,6.4047027
m1314_8081.obj,Helicopter,38.661762,-10.56887
D00038_6782.obj,Helicopter,53.79753,-4.8095045
D00977_5681.obj,Helicopter,49.618664,-9.737648
D00500_9980.obj,Helicopter,49.427204,-10.517065
D00397_5567.obj,Helicopter,50.22831,-8.833915
m1313_7979.obj,Helicopter,52.557655,-3.9160218
D00644_7130.obj,Helicopter,17.906282,-14.481992
D00820_5870.obj,Helicopter,40.374443,-13.097887
D00191_7563.obj,Helicopter,38.48009,-13.469674
D00502_4583.obj,Helicopter,41.446766,-4.4468026
m1306_8547.obj,Helicopter,51.19507,6.1955028
m1329_8901.obj,Helicopter,-10.929752,-28.73711
m1323_6136.obj,Helicopter,47.138584,-9.624336
m1317_5589.obj,Helicopter,37.780224,-8.150218
m1307_6481.obj,Helicopter,41.906876,-11.63118
D00986_7678.obj,Helicopter,37.75773,-8.440166
m1326_4613.obj,Helicopter,37.83019,-11.96338
m1308_7150.obj,Helicopter,18.072079,-14.621409
D00471_6608.obj,Helicopter,53.65623,-6.540543
m1333_5205.obj,Helicopter,37.660744,-13.4900875
D00751_7038.obj,Helicopter,40.92932,17.857426
m1316_6222.obj,Helicopter,22.70228,-0.8594595
D00498_5176.obj,Helicopter,41.05539,-11.272428
D00857_5223.obj,Bus,-9.451463,14.279695
D00754_8866.obj,Bus,13.575416,29.646004
D00151_9415.obj,Bus,19.471752,26.414507
D00446_7823.obj,Bus,26.95806,12.851216
D00823_7367.obj,Bus,-10.850917,15.000516
D00483_6097.obj,Bus,-20.235159,-0.8619008
D00264_6409.obj,Bus,-15.514437,20.400837
D00084_7347.obj,Bus,-14.136175,21.529127
D00677_7402.obj,Bus,-29.102211,-7.133897
D00832_9450.obj,Bus,-21.277658,1.5439184
D00516_9357.obj,Bus,-15.948549,2.9092915
D00815_7075.obj,Bus,-9.165023,12.956033
D00114_7643.obj,Bus,-32.02958,-9.261495
D00179_5976.obj,Bus,26.956661,22.663269
D00769_8963.obj,Bus,14.118036,31.006224
D00775_9510.obj,Bus,-14.430443,-4.551226
D00448_7367.obj,Bus,-20.275036,0.21541357
D00436_9468.obj,Bus,-18.282837,2.339392
D00182_7328.obj,Bus,36.688095,16.657207
D00755_8133.obj,PianoBoard,34.070484,31.716944
D00721_9054.obj,PianoBoard,-48.70148,4.772029
D00332_9345.obj,PianoBoard,-50.11362,4.53522
D00181_9628.obj,PianoBoard,-7.0494657,20.2351
D00623_5694.obj,PianoBoard,-40.982613,5.644872
D00962_9880.obj,PianoBoard,-60.412277,-6.7600694
D00885_6622.obj,PianoBoard,-8.184739,20.23484
D00441_9176.obj,PianoBoard,-61.591873,-0.14603378
D00718_11937.obj,PianoBoard,-39.170753,7.4237375
D00381_10486.obj,PianoBoard,8.442591,18.27063
D00212_7660.obj,PianoBoard,54.593388,27.102755
D00122_7931.obj,PianoBoard,2.0057368,35.274704
D00966_7945.obj,PianoBoard,2.0624936,35.331814
D00253_8062.obj,PianoBoard,-44.433117,12.489105
D00235_9862.obj,PianoBoard,-48.77248,9.646159
D00008_7562.obj,PianoBoard,-48.98866,9.727346
D00104_7624.obj,PianoBoard,-47.586987,11.0092125
D00065_8353.obj,PianoBoard,54.39778,26.663425
m608_9149.obj,DeskLamp,-61.338802,-0.87990904
D00378_5894.obj,DeskLamp,-26.830877,2.5546799
D00090_6516.obj,DeskLamp,3.045566,28.14255
D00744_6037.obj,DeskLamp,-15.5091505,21.433308
m615_4731.obj,DeskLamp,8.896196,14.355759
D00330_7075.obj,DeskLamp,61.783745,15.916072
D00455_7627.obj,DeskLamp,-15.511775,23.81615
m616_7269.obj,DeskLamp,-16.564651,20.571417
D00797_7357.obj,DeskLamp,-16.395243,20.774487
D00547_6715.obj,DeskLamp,-1.8076317,1.606486
D00759_5982.obj,DeskLamp,10.212335,12.548435
D00776_4966.obj,DeskLamp,-15.455855,19.646982
m609_7859.obj,DeskLamp,63.850594,24.091995
D00435_7671.obj,DeskLamp,-14.049061,14.0114975
m603_7523.obj,DeskLamp,-33.806175,-14.672012
m614_5681.obj,DeskLamp,-51.809536,2.396503
D00715_7715.obj,DeskLamp,-38.841793,13.784663
m605_6758.obj,DeskLamp,-40.70018,11.026242
D00257_7711.obj,DeskLamp,15.084026,-22.35601
D00048_7867.obj,DeskLamp,-39.357384,-21.824976
D00698_7066.obj,DeskLamp,-15.435692,18.523073
m611_5610.obj,DeskLamp,-38.882023,13.288275
D00693_5665.obj,DeskLamp,-14.243964,20.918192
m606_5603.obj,DeskLamp,-38.844467,13.187722
D00203_11121.obj,WheelChair,-5.329205,-28.245644
D00088_7201.obj,WheelChair,-2.28217,-26.786888
D00846_8834.obj,WheelChair,-39.44148,-21.033627
D00453_7871.obj,WheelChair,-12.678426,-25.364016
D00821_8188.obj,WheelChair,-17.614914,-20.307056
D00499_7530.obj,WheelChair,-0.9289519,-28.12217
D00628_7350.obj,WheelChair,-15.850673,-22.408764
D00449_6983.obj,WheelChair,-15.128816,-20.4491
D00290_5009.obj,WheelChair,-8.148549,-13.590663
D00782_9367.obj,WheelChair,-1.414534,-15.452032
D00604_8850.obj,WheelChair,-1.5053806,-15.671924
D00687_8188.obj,WheelChair,-17.624949,-20.451355
D00526_9015.obj,WheelChair,-15.599752,-24.650045
D00004_6865.obj,WheelChair,-6.303389,24.654966
D00183_7853.obj,WheelChair,2.323365,-13.088918
D00274_7851.obj,WheelChair,-1.9771703,-26.152893
D00720_7117.obj,WheelChair,4.3508506,-24.556242
D00070_8476.obj,WheelChair,-28.368467,-20.405396
D00394_6864.obj,WheelChair,-16.919506,-27.466124
D00365_7244.obj,WheelChair,-37.48095,4.0220213
m539_11791.obj,Vase,-56.623413,-23.973505
m537_8707.obj,Vase,-24.411459,-7.993548
m547_9245.obj,Vase,-67.13273,-7.2310653
m543_8678.obj,Vase,-66.46567,-9.219228
m541_9643.obj,Vase,-66.841896,-9.65406
m545_11912.obj,Vase,-38.42903,-9.449852
m546_10393.obj,Vase,-55.217022,-19.324587
m532_8194.obj,Vase,0.36541855,-15.657759
m536_9451.obj,Vase,-28.221497,-11.158032
m528_11870.obj,Vase,-11.549544,-1.4877244
m544_10278.obj,Vase,-55.658257,-19.856392
m542_10915.obj,Vase,-50.311466,-22.388908
m527_10335.obj,Vase,-66.52786,-5.4832454
m535_9493.obj,Vase,-42.638985,-17.276737
m531_8397.obj,Vase,-2.2611704,2.1408677
m540_9603.obj,Vase,-57.304516,-7.3256655
D00201_6519.obj,Glasses,-66.46646,4.027192
D00640_5774.obj,Glasses,33.719456,25.682884
D00816_6297.obj,Glasses,7.3984404,35.82406
D00050_6852.obj,Glasses,33.103554,25.012522
D00717_5732.obj,Glasses,7.827163,33.29873
D00660_6224.obj,Glasses,7.420036,35.801643
D00575_6124.obj,Glasses,7.82499,33.821213
D00507_6852.obj,Glasses,33.15069,25.073698
D00225_5650.obj,Glasses,-52.675503,11.666943
D00145_10009.obj,MultiSeat,-11.668426,5.9369287
m782_9937.obj,MultiSeat,-17.855577,6.541375
m832_8078.obj,MultiSeat,-10.124768,-6.848819
m829_10936.obj,MultiSeat,15.413222,12.345793
m784_11384.obj,MultiSeat,1.1762363,7.247233
m779_9420.obj,MultiSeat,26.675465,18.97868
m837_7420.obj,MultiSeat,-25.741144,0.6373817
D00289_7000.obj,MultiSeat,-11.417947,7.547822
m831_8048.obj,MultiSeat,-13.689527,5.62048
m781_9737.obj,MultiSeat,-37.59667,5.3628616
D00273_6809.obj,MultiSeat,-2.2857146,-6.162893
D00648_6923.obj,MultiSeat,-43.34818,11.425963
m839_8974.obj,MultiSeat,-44.380478,-0.99139476
m843_8085.obj,MultiSeat,-11.733052,4.8098297
m776_7713.obj,MultiSeat,22.802176,28.272156
D00652_10526.obj,MultiSeat,-22.66666,0.09107138
m774_9165.obj,MultiSeat,-52.226574,6.1564946
m840_8386.obj,MultiSeat,-67.79022,-1.3218311
D00245_8074.obj,MultiSeat,-27.569305,-10.015596
m834_8856.obj,MultiSeat,-3.7829957,-6.6797686
D00985_7273.obj,MultiSeat,-43.435703,-1.2490791
D00036_9470.obj,MultiSeat,-38.851,4.9479003
D00329_8130.obj,MultiSeat,-43.926373,-1.0793259
m778_10540.obj,MultiSeat,-55.530006,-6.971069
m838_11642.obj,MultiSeat,-18.265474,-1.1230584
D00749_6161.obj,MultiSeat,-40.204033,16.467318
m775_9933.obj,MultiSeat,-40.245647,8.61489
m833_7553.obj,MultiSeat,-22.805298,0.4281799
D00637_7542.obj,MultiSeat,-38.27908,-11.34017
m841_11956.obj,MultiSeat,-43.504086,10.048374
D00237_8430.obj,MultiSeat,-3.2440665,-6.2070518
m777_8937.obj,MultiSeat,22.193165,27.955442
D00046_11970.obj,MultiSeat,-39.82617,-22.027788
D00146_6338.obj,MultiSeat,-23.153883,2.1381636
m780_10575.obj,MultiSeat,-59.901363,-7.4157915
m836_10731.obj,MultiSeat,-42.757812,3.7422287
D00263_9883.obj,MultiSeat,-41.475937,-6.828174
m783_7928.obj,MultiSeat,1.3027613,7.140705
D00285_7948.obj,MultiSeat,-27.0337,-8.390865
D00987_7467.obj,Truck,-7.0077696,11.693777
m1574_9397.obj,Truck,-15.18739,-8.910255
D00287_5290.obj,Truck,-30.511538,-7.934345
D00804_6576.obj,Truck,-5.8278356,11.478579
D00010_6939.obj,Truck,-10.011613,14.4938545
D00926_5602.obj,Truck,45.162743,23.052254
D00947_8193.obj,Truck,-21.917522,-24.502972
D00158_8315.obj,Truck,-21.328377,5.3537235
D00331_8718.obj,Truck,17.572094,31.441288
m1573_8099.obj,Truck,-0.38189042,10.316818
D00518_5427.obj,Truck,14.230039,30.150932
m1571_6800.obj,Truck,-6.680069,11.70027
D00241_7626.obj,Truck,14.548011,26.88858
D00112_7853.obj,Truck,14.188381,31.08961
D00424_8499.obj,Truck,17.913288,30.570658
m1570_9486.obj,Truck,-13.58499,20.303865
m1572_9614.obj,Truck,17.074308,32.232395
D00029_5209.obj,Truck,38.793434,23.60414
D00303_8955.obj,Truck,17.010118,32.84496
m1575_7300.obj,Truck,-19.602106,6.4321723
D00835_7340.obj,Truck,15.007465,28.29249
D00002_10010.obj,Truck,-13.217513,-9.620103
D00406_10931.obj,Truck,-19.575642,6.5219283
D00003_6683.obj,Truck,-14.641866,-2.9594398
D00056_10779.obj,Truck,17.239704,26.267708
D00047_9659.obj,Truck,17.068464,32.08773
m1576_8820.obj,Truck,-7.918617,10.458727
D00170_8207.obj,NonWheelChair,7.5163536,-24.08064
m806_6651.obj,NonWheelChair,22.674154,25.283909
m824_7946.obj,NonWheelChair,-13.549747,-25.623598
D00240_6429.obj,NonWheelChair,2.5022972,-14.76557
m812_11164.obj,NonWheelChair,-15.393085,-25.884254
D00936_8236.obj,NonWheelChair,-11.993415,-24.593586
D00928_5191.obj,NonWheelChair,13.635026,-12.159841
D00037_9378.obj,NonWheelChair,-23.145428,-28.35564
m814_7552.obj,NonWheelChair,-39.019455,-16.78212
m785_8583.obj,NonWheelChair,-46.74874,-10.428165
m799_8974.obj,NonWheelChair,-41.53319,-13.960891
D00480_5063.obj,NonWheelChair,-12.186509,-22.885933
m808_7877.obj,NonWheelChair,-22.794191,-17.550047
m810_10700.obj,NonWheelChair,-18.162704,-20.142687
m827_7949.obj,NonWheelChair,-8.500473,-10.039789
m828_10271.obj,NonWheelChair,-13.279676,-24.19962
D00853_6026.obj,NonWheelChair,-3.1377966,-27.675932
m787_8048.obj,NonWheelChair,-7.73736,-24.19521
m807_8964.obj,NonWheelChair,-19.58168,-18.025936
m818_9146.obj,NonWheelChair,-39.19919,-16.697096
m826_8649.obj,NonWheelChair,-16.284843,-23.558418
m796_6612.obj,NonWheelChair,-53.845078,-10.970222
m798_10342.obj,NonWheelChair,-23.378939,-18.61038
m804_9583.obj,NonWheelChair,-21.541777,-16.38785
m809_5903.obj,NonWheelChair,20.866856,11.2048025
m794_10849.obj,NonWheelChair,-41.28434,-13.450284
D00694_7914.obj,NonWheelChair,-13.741192,-22.101013
D00512_8330.obj,NonWheelChair,-2.4634225,-27.966288
D00185_7909.obj,NonWheelChair,-3.1582425,-27.13601
m789_9802.obj,NonWheelChair,-33.578358,-6.925435
m813_11434.obj,NonWheelChair,-13.145869,-26.208273
D00357_7079.obj,NonWheelChair,-18.858658,-32.12628
m823_7627.obj,NonWheelChair,-39.470737,-15.279146
D00443_6624.obj,NonWheelChair,1.7512935,-6.319727
D00741_7946.obj,NonWheelChair,-11.541667,-23.414764
D00481_11584.obj,NonWheelChair,-10.859971,-24.948387
m822_7959.obj,NonWheelChair,-10.86075,-25.68761
m788_9620.obj,NonWheelChair,11.27742,9.622732
m805_8247.obj,NonWheelChair,-47.83611,-5.7059226
D00707_9418.obj,NonWheelChair,-14.508669,-23.726688
D00445_9895.obj,NonWheelChair,4.8554754,-24.220234
m819_7738.obj,NonWheelChair,-39.016365,-14.700573
m800_10117.obj,NonWheelChair,-23.41997,-18.567686
m786_7648.obj,NonWheelChair,-46.378876,-0.30082715
m801_8188.obj,NonWheelChair,-37.68375,-15.89537
D00101_7361.obj,NonWheelChair,14.463405,-14.484644
m817_9281.obj,NonWheelChair,-39.491535,-17.541162
D00306_5160.obj,NonWheelChair,-24.993488,-28.12732
m797_7770.obj,NonWheelChair,-32.49644,-26.418653
m821_9588.obj,NonWheelChair,-12.66814,-24.741165
D00419_7157.obj,NonWheelChair,-16.49763,-23.31378
D00899_7307.obj,DeskPhone,-32.484177,16.850447
D00118_6731.obj,DeskPhone,42.30112,-0.9670908
D00773_7420.obj,DeskPhone,4.983915,21.66768
D00576_6347.obj,DeskPhone,27.04741,-3.7535753
D00511_7399.obj,DeskPhone,23.090002,9.467438
D00894_10108.obj,DeskPhone,-24.543444,-16.314854
D00958_6017.obj,DeskPhone,2.7281098,20.96289
D00556_11295.obj,DeskPhone,-18.86708,-7.1496615
D00957_7177.obj,DeskPhone,4.076689,12.4998
D00706_7002.obj,DeskPhone,-10.8209915,-10.993993
D00897_6893.obj,DeskPhone,19.700455,-6.147072
D00829_8492.obj,DeskPhone,17.732872,-7.6341624
D00403_6453.obj,DeskPhone,-5.974998,24.408041
D00154_6390.obj,DeskPhone,32.191578,31.956188
D00680_9146.obj,DeskPhone,-47.710728,5.1662116
D00318_7542.obj,DeskPhone,6.2387276,-12.935403
D00220_8541.obj,DeskPhone,-0.93122315,-10.06242
D00316_7329.obj,DeskPhone,-33.160442,0.10110004
D00135_8086.obj,DeskPhone,9.611227,-19.808186
D00486_10884.obj,DeskPhone,-18.32017,-5.8963766
m50_6873.obj,Bird,-3.066825,-30.024048
m48_7814.obj,Bird,-3.1927679,-29.968641
m28_6076.obj,Bird,-3.8657143,-20.410284
m36_5514.obj,Bird,-8.064056,-26.929298
m49_8897.obj,Bird,-51.292255,-20.27564
D00442_9745.obj,Bird,6.1506014,-29.763382
m33_9974.obj,Bird,5.2557316,-26.700169
m44_4538.obj,Bird,35.126686,-2.385134
D00922_5524.obj,Bird,8.935463,-14.242573
m37_5215.obj,Bird,11.882976,-12.156514
m29_5524.obj,Bird,4.555963,-19.12047
m35_8836.obj,Bird,-35.710953,-22.928328
D00546_6047.obj,Bird,47.87717,11.097611
m51_8748.obj,Bird,-16.101112,-30.663446
D00271_7368.obj,Bird,30.52674,-6.8602324
m32_6282.obj,Bird,3.2496538,-17.32598
D00164_8188.obj,Bird,29.815577,-17.919495
m39_5239.obj,Bird,30.615667,-6.28235
D00113_7196.obj,Bird,-13.534281,-21.384716
m45_6782.obj,Bird,39.95673,-14.0935545
m52_9298.obj,Bird,-11.2073555,-28.888119
D00862_4860.obj,Bird,37.021297,-3.1610522
D00284_6705.obj,Bird,40.65044,-13.751944
m30_5828.obj,Bird,24.805593,5.222158
m31_8707.obj,Bird,-18.808826,-14.445292
D00431_5205.obj,SubmachineGun,52.33603,-1.1134689
D00489_8006.obj,SubmachineGun,26.070557,-4.7179017
D00256_9245.obj,SubmachineGun,35.79821,13.2340145
D00119_6531.obj,SubmachineGun,63.317883,18.157072
D00459_6951.obj,SubmachineGun,60.156445,20.10709
D00878_5047.obj,SubmachineGun,59.408344,19.57374
D00613_4914.obj,SubmachineGun,51.28898,17.437477
D00062_7640.obj,SubmachineGun,48.667572,5.5484333
D00219_5472.obj,SubmachineGun,52.621212,14.909982
D00064_6530.obj,SubmachineGun,41.66166,-4.7561607
D00052_8943.obj,SubmachineGun,40.14158,0.67937714
D00068_6240.obj,SubmachineGun,64.61379,21.470903
D00371_6079.obj,SubmachineGun,59.102303,17.502886
D00733_7656.obj,SubmachineGun,55.607105,19.22892
D00105_8334.obj,Skyscraper,56.788292,30.588457
D00300_6372.obj,Skyscraper,35.026875,-20.396116
D00130_8291.obj,Skyscraper,54.691097,23.116335
D00872_9939.obj,Skyscraper,20.536566,4.8749676
D00532_6357.obj,Skyscraper,10.46166,4.730972
D00126_9932.obj,Skyscraper,10.865413,-4.53359
D00259_6911.obj,Skyscraper,50.5416,18.82245
D00125_5797.obj,Skyscraper,56.720425,30.63135
D00006_7704.obj,Skyscraper,-0.0579603,-17.61129
D00058_6839.obj,Skyscraper,13.489989,7.515831
D00664_7153.obj,Skyscraper,28.908724,22.434465
D00589_6372.obj,Skyscraper,48.583736,-7.9380198
D00729_7118.obj,Skyscraper,-14.469251,-6.85182
D00584_6462.obj,Skyscraper,10.386704,-3.723431
D00870_7368.obj,Skyscraper,11.474328,4.8023067
D00641_8909.obj,Skyscraper,19.03566,26.338814
D00822_6011.obj,Skyscraper,32.469204,21.092934
D00520_7363.obj,Skyscraper,11.900722,4.3808255
D00998_8256.obj,Skyscraper,53.48793,-8.057228
m928_9140.obj,RoundTable,-53.975246,-8.947856
D00866_10671.obj,RoundTable,-46.92468,-12.083887
D00401_11261.obj,RoundTable,-54.273968,-12.929619
D00827_8577.obj,RoundTable,-43.7154,-10.22107
m938_9268.obj,RoundTable,-56.10832,9.898546
m935_9381.obj,RoundTable,-56.005005,9.804103
m926_9398.obj,RoundTable,-54.614025,-9.287947
D00524_9827.obj,RoundTable,-56.805088,-10.441625
D00344_11795.obj,RoundTable,-33.101925,-21.743336
m925_11198.obj,RoundTable,-32.53596,-21.374504
D00581_9295.obj,RoundTable,-45.009865,-18.506626
m929_7520.obj,RoundTable,-32.30924,-20.482037
D00646_5198.obj,RoundTable,-43.394287,-7.1033573
m927_8190.obj,RoundTable,-31.390308,2.460627
m921_5363.obj,RoundTable,-43.445057,-7.2283225
D00909_8291.obj,RoundTable,-57.155148,-5.7973394
D00702_6647.obj,RoundTable,-50.50497,-11.970151
m934_7937.obj,RoundTable,-57.262287,-6.885751
m931_10002.obj,RoundTable,-65.456276,-2.1042392
D00407_11793.obj,RoundTable,-7.561945,-17.131973
D00492_6754.obj,RoundTable,-37.841045,-8.17945
m930_10271.obj,RoundTable,-50.25234,10.563004
m924_11392.obj,RoundTable,-7.2688236,-17.032661
m923_7789.obj,RoundTable,-31.229729,1.9428958
m932_6741.obj,RoundTable,-50.44918,-11.772801
D00094_7144.obj,RoundTable,-57.833294,-4.12414
D00194_10075.obj,RoundTable,-32.34135,-20.802149
D00083_9230.obj,RoundTable,-62.765285,-3.8637612
m937_11233.obj,RoundTable,-62.830517,-6.4470763
D00948_7000.obj,RoundTable,-47.835888,-9.766169
D00501_9334.obj,RoundTable,-42.81973,-5.1429377
D00649_8227.obj,RoundTable,-44.09541,-7.802456
D00756_8369.obj,RoundTable,-56.73849,11.011643
D00107_9672.obj,RoundTable,-47.889782,-11.891063
D00503_7953.obj,RoundTable,-56.883804,11.204143
m933_10583.obj,RoundTable,-46.08165,-18.90391
m1026_7917.obj,PlantIndoors,-52.99882,-3.2058105
m992_8272.obj,PlantIndoors,-19.768036,-28.840057
m1022_7882.obj,PlantIndoors,12.094757,38.21239
D00667_7801.obj,PlantIndoors,-52.976242,-3.251523
D00379_7307.obj,PlantIndoors,-27.031162,-24.813726
m1012_9331.obj,PlantIndoors,44.179413,-14.409066
m1025_6696.obj,PlantIndoors,44.959778,-14.435182
m1016_5307.obj,PlantIndoors,42.67261,28.548346
m999_6448.obj,PlantIndoors,-1.0762305,-28.08627
m1018_7247.obj,PlantIndoors,-55.31512,-9.264996
D00073_6213.obj,PlantIndoors,37.829025,-15.445473
m1010_6257.obj,PlantIndoors,38.34893,-15.9161215
m1014_7432.obj,PlantIndoors,3.2065628,-29.942024
D00466_9900.obj,PlantIndoors,-10.427955,-16.926903
m1032_5571.obj,PlantIndoors,-54.365128,-14.297827
m1008_5383.obj,PlantIndoors,58.453613,-6.1163263
m1013_6365.obj,PlantIndoors,37.249447,-16.679028
m995_7323.obj,PlantIndoors,-21.811296,-14.629427
m1035_10379.obj,PlantIndoors,-50.261673,-24.620008
m1002_8260.obj,PlantIndoors,44.993053,-13.243168
m1033_8095.obj,PlantIndoors,-9.918629,-3.0329485
m1001_6319.obj,PlantIndoors,37.707073,-15.489086
m1006_6630.obj,PlantIndoors,44.13195,-13.007493
D00491_7366.obj,PlantIndoors,-38.10186,-19.782415
m1011_7529.obj,PlantIndoors,45.155975,-9.884242
D00238_6668.obj,PlantIndoors,0.45259216,-28.816473
m1021_7641.obj,PlantIndoors,47.509537,7.2216516
D00800_7172.obj,PlantIndoors,10.858103,-25.570505
D00049_7363.obj,PlantIndoors,-29.904491,-20.3266
m1004_7194.obj,PlantIndoors,10.785226,-25.575048
D00609_6744.obj,PlantIndoors,44.988277,-14.668094
m1007_7930.obj,PlantIndoors,-31.014215,-21.939346
D00622_7369.obj,PlantIndoors,-10.758349,22.954327
D00624_7440.obj,PlantIndoors,-43.956142,-10.601452
D00128_7093.obj,PlantIndoors,-29.171959,-22.961786
m991_7029.obj,PlantIndoors,-29.318851,-24.043926
D00080_7355.obj,PlantIndoors,-2.4128742,0.4815335
D00968_5999.obj,PlantIndoors,47.4156,7.1141715
m1034_4672.obj,PlantIndoors,11.200604,9.664035
m1031_10233.obj,PlantIndoors,-17.573957,-28.870874
m1000_6892.obj,PlantIndoors,-30.045252,-20.286165
D00087_8030.obj,PlantIndoors,-30.028673,-24.456493
m1020_6792.obj,PlantIndoors,0.424393,-29.774408
m1027_8108.obj,PlantIndoors,-30.12361,-24.509775
m1036_5498.obj,PlantIndoors,8.798468,-2.480907
m1017_7297.obj,PlantIndoors,-10.742708,22.979113
m994_8586.obj,PlantIndoors,-20.261139,-29.157495
m1023_11611.obj,PlantIndoors,-30.570438,-21.876463
m1005_6805.obj,PlantIndoors,23.340454,-12.4087925
m997_8474.obj,PlantIndoors,-18.42153,-29.409847
m1029_7652.obj,PlantIndoors,15.142788,-21.447058
m1009_5348.obj,PlantIndoors,60.268623,-3.1477764
m993_6442.obj,PlantIndoors,43.843727,19.15451
m990_11234.obj,PlantIndoors,0.16589294,-27.586737
m1015_10066.obj,PlantIndoors,5.348142,-21.819563
D00657_5801.obj,PlantIndoors,53.21993,-8.284006
D00159_6816.obj,PlantIndoors,-40.175823,-20.562166
D00370_7358.obj,PlantIndoors,-23.85031,-22.562555
m1003_8453.obj,PlantIndoors,-27.202652,-24.611017
D00595_7409.obj,PlantIndoors,3.1650524,-29.790745
D00728_9616.obj,Mug,-42.655773,7.1684027
D00923_11771.obj,Mug,-40.334633,-24.477318
m506_8692.obj,Mug,-18.846657,12.407984
D00747_7325.obj,Mug,-38.417076,-9.246777
m503_9680.obj,Mug,-53.279007,-15.387599
D00321_10162.obj,Mug,-54.68542,-18.30269
D00705_10312.obj,Mug,-37.613163,-22.22148
D00684_11760.obj,Mug,-58.584663,-18.694532
D00908_9979.obj,Mug,-51.392296,-23.635166
D00825_8175.obj,Mug,-53.94759,-16.034555
D00227_7058.obj,Mug,-42.622135,6.9949803
m504_11653.obj,Mug,-58.26938,-17.385849
D00427_5682.obj,Mug,-40.23045,7.7378435
D00202_11847.obj,Mug,-53.970314,-22.094522
m509_5894.obj,Mug,-61.6196,-7.639324
D00913_7135.obj,Mug,-40.38008,-13.938299
D00341_7454.obj,Mug,-55.594563,-15.480709
D00760_8715.obj,Mug,-56.311848,-24.530037
D00372_7727.obj,Mug,-61.613873,-13.559155
D00685_5703.obj,Mug,-43.859386,6.758838
D00209_6826.obj,Gun,21.657238,14.680898
m686_5826.obj,Gun,62.588608,18.407272
D00425_7447.obj,Gun,35.057796,16.891777
m664_7884.obj,Gun,18.47813,3.3516386
m682_5021.obj,Gun,60.53614,19.41328
D00282_8286.obj,Gun,53.037792,24.187084
m662_10851.obj,Gun,8.075528,16.147339
m654_10051.obj,Gun,15.330356,20.354553
m648_5780.obj,Gun,37.48451,20.86832
m656_6793.obj,Gun,36.415813,-0.8617861
m650_8309.obj,Gun,14.422811,-6.146131
m663_7878.obj,Gun,20.328932,24.05043
m653_8363.obj,Gun,49.223312,22.862772
D00153_4648.obj,Gun,37.98547,20.197506
D00606_9130.obj,Gun,27.322012,1.8444301
m649_9552.obj,Gun,14.970701,20.398565
m665_7755.obj,Gun,5.5229616,12.784264
D00826_7176.obj,Gun,53.421288,25.642681
m666_7289.obj,Gun,30.756477,-1.4736946
m674_7722.obj,Gun,60.06989,21.513256
D00972_7095.obj,Gun,35.25123,6.2804985
m684_5995.obj,Gun,48.332787,-0.4102834
m668_9693.obj,Gun,60.764812,20.457884
D00207_6467.obj,Gun,42.2519,2.1336253
D00819_7414.obj,Gun,34.438023,3.6670141
m652_10930.obj,Gun,8.093819,15.857236
D00368_9735.obj,Gun,33.35485,6.9629683
D00161_6597.obj,Gun,34.662506,7.659342
m657_7454.obj,Gun,-1.4687574,9.625145
D00244_7534.obj,Gun,20.73801,4.0169296
m685_8427.obj,Gun,39.384186,14.44962
m667_5167.obj,Gun,54.37545,17.37497
m651_8404.obj,Gun,-10.0681715,8.315172
m661_10164.obj,Gun,32.368,1.6426284
m660_8544.obj,Gun,53.849174,17.205776
m658_7772.obj,Gun,15.987142,4.501037
m655_5301.obj,Gun,21.52286,22.60027
D00103_8565.obj,Gun,22.126524,1.0498002
D00140_9446.obj,Gun,50.78556,3.5418513
D00802_5759.obj,Gun,50.766712,21.31951
D00137_5308.obj,Gun,53.360928,-3.7683702
D00929_8720.obj,Gun,31.541937,19.00783
D00204_5558.obj,Gun,22.757256,12.990608
m1585_5303.obj,Train,-11.218218,0.68469477
D01180_6818.obj,Train,14.547928,28.700968
D01016_7754.obj,Train,59.79316,-3.1312087
D01094_7668.obj,Train,40.92688,23.285992
D01027_7830.obj,Train,1.1281258,1.0328288
D01059_7243.obj,Train,18.255741,5.6848197
m1587_8713.obj,Train,-18.394424,-11.682012
D01134_8721.obj,Train,16.179731,32.165684
m1578_10359.obj,Train,15.798626,4.6054974
m1586_5520.obj,Train,21.280815,-17.316782
D01047_5450.obj,Train,13.9408245,6.673211
D01147_7809.obj,Train,51.46227,26.421488
D01137_6422.obj,Train,65.76079,23.5692
m1588_10118.obj,Train,4.638833,-3.4809978
m1582_8239.obj,Train,-4.015662,10.436327
D01163_7846.obj,Train,-19.046944,3.3253632
D01014_11305.obj,Train,61.291126,21.842224
D01035_8486.obj,Train,16.003345,28.499025
m1583_7949.obj,Train,-29.067003,-4.4851665
m1584_10319.obj,Train,-28.248785,-13.432355
D01149_8616.obj,Train,61.98863,22.505661
D01008_10175.obj,Train,-12.317685,-3.3040545
D01095_6385.obj,Train,-11.400547,8.529527
D01061_6494.obj,Train,26.92138,22.812994
D01031_11031.obj,Train,18.48285,26.431564
D01089_8594.obj,Train,15.862616,27.534887
m1581_6784.obj,Train,13.943882,28.80095
D01064_5037.obj,Train,-14.299537,-6.3879113
D01055_7006.obj,Train,42.71481,19.531147
m460_8909.obj,House,-59.81208,-13.73438
m452_10229.obj,House,-59.72825,-13.990517
m456_8190.obj,House,-12.724045,-13.534113
D00286_6997.obj,House,5.9021015,-32.216232
D00903_7063.obj,House,3.1739933,-27.016853
D00901_6918.obj,House,6.021822,-32.10476
m443_7971.obj,House,-36.913315,-11.047327
m446_6085.obj,House,35.617424,-14.921437
m432_11410.obj,House,5.3421125,-26.21561
m462_9830.obj,House,-60.25469,-8.844444
m454_9446.obj,House,-14.9373045,-10.195431
D00415_6119.obj,House,-40.54663,16.44333
m440_9365.obj,House,-19.507141,-21.621883
D00325_7282.obj,House,-37.306633,-5.173996
m434_11808.obj,House,-64.36209,-4.0457134
m461_9642.obj,House,-63.973816,-5.960321
m447_8237.obj,House,-14.179726,-27.448168
D00574_7332.obj,House,7.767725,-31.36677
D00941_8511.obj,House,32.72551,31.874989
m431_11217.obj,House,26.18808,-12.679597
D00095_8834.obj,House,-30.543755,-4.74635
D00091_11168.obj,House,-44.582977,-1.8610948
m457_7971.obj,House,-36.779877,-11.02428
D00359_7303.obj,House,5.5284324,-32.496117
m433_11469.obj,House,16.169964,-4.3534513
D00665_9378.obj,House,-3.9162273,-9.8988
D00389_6155.obj,House,-18.996649,-23.826986
m439_9710.obj,House,36.81589,-6.5776916
m429_6939.obj,House,-63.256214,1.6558067
D00454_6044.obj,House,14.506203,16.624792
D00889_10225.obj,House,-34.350796,-13.653913
m423_8901.obj,House,-22.085592,-7.7194066
D00873_6380.obj,House,7.196814,-31.530703
D00946_7423.obj,House,-58.928944,-13.441402
D00001_6399.obj,House,3.1589775,-32.627846
m1603_7766.obj,Chess,-3.2724822,8.428625
m1593_6753.obj,Chess,-35.13603,2.0937164
m1596_7056.obj,Chess,16.17796,17.445343
D01081_6727.obj,Chess,-8.028761,-20.822546
m1595_6287.obj,Chess,-28.392822,15.651388
m1614_7570.obj,Chess,-12.814875,7.253126
D01021_7506.obj,Chess,-27.584925,-0.5449704
D01080_7763.obj,Chess,-4.8427124,6.5126987
D01186_9751.obj,Chess,-18.385504,-1.2372732
D01138_8154.obj,Chess,-8.014498,3.5999687
D01049_9690.obj,Chess,-4.4207163,3.7777119
m1600_8102.obj,Chess,-8.14574,3.5116277
D01112_7813.obj,Chess,-4.452252,6.2002416
m1599_7759.obj,Chess,-3.9814882,6.3709197
D01130_7792.obj,Chess,-4.7639627,4.762602
D01053_9967.obj,Chess,-43.29126,-13.331446
m1611_7519.obj,Chess,-26.987095,-0.2778919
D01126_8138.obj,Chess,-17.482695,-2.2887301
D01123_7570.obj,Chess,-13.177434,7.187841
m1598_7814.obj,Chess,-4.4998255,6.4355617
m1606_9702.obj,Chess,-25.924423,-9.782452
m1591_7339.obj,Chess,-53.24253,3.6917226
m1602_8005.obj,Chess,-3.1448417,7.005249
m1612_7792.obj,Chess,-4.6410074,5.0244
D01171_10161.obj,Chess,-40.302074,-11.525384
m1605_9970.obj,Chess,-43.257,-13.307805
D01099_9701.obj,Chess,-26.660425,-9.94975
m1601_6727.obj,Chess,-8.045972,-20.824059
D01188_9690.obj,Chess,-51.519646,-4.5019207
m1608_9691.obj,Chess,-51.584698,-4.432967
D01105_8352.obj,Chess,-4.370244,3.9962974
D01145_7623.obj,Chess,-13.311365,7.167611
m1613_8359.obj,Chess,-5.266807,4.445886
D01017_9373.obj,Chess,-45.493977,-1.1541812
D01045_8019.obj,Chess,-3.31592,7.5485067
D01019_8099.obj,Chess,-8.39984,3.2900407
m1604_9687.obj,Chess,-5.914481,3.4286673
m1609_9757.obj,Chess,-17.805075,-3.1679227
m1610_6094.obj,Chess,-35.384537,-16.398457
D01043_7764.obj,Chess,-3.5908031,8.187027
m1607_8135.obj,Chess,-17.534824,-2.0577598
m64_4727.obj,AquaticAnimal,27.609938,4.7654634
m68_4551.obj,AquaticAnimal,47.82403,11.576011
m70_4549.obj,AquaticAnimal,44.86309,11.339417
m60_5486.obj,AquaticAnimal,27.455818,7.172729
m69_5402.obj,AquaticAnimal,45.27504,10.0077
m55_6830.obj,AquaticAnimal,35.636715,23.68921
m63_7996.obj,AquaticAnimal,-21.31395,-31.61131
m54_6955.obj,AquaticAnimal,35.708984,23.718718
m77_6575.obj,AquaticAnimal,29.316154,25.894646
m71_4924.obj,AquaticAnimal,21.12484,5.147099
m57_6896.obj,AquaticAnimal,37.967407,10.845371
m67_6487.obj,AquaticAnimal,30.040415,19.371767
m62_4502.obj,AquaticAnimal,28.02317,-7.4028535
m65_5490.obj,AquaticAnimal,18.467701,-4.7789826
m76_4580.obj,AquaticAnimal,37.31588,13.815661
m73_5452.obj,AquaticAnimal,7.8389306,-4.328452
m56_5814.obj,AquaticAnimal,36.22929,24.890606
m72_5024.obj,AquaticAnimal,44.52488,10.673405
m53_6972.obj,AquaticAnimal,41.60023,12.878715
m58_6623.obj,AquaticAnimal,-2.7827623,-30.26812
D00517_9710.obj,Spoon,58.937298,22.203476
D00669_5895.obj,Spoon,5.1769814,-16.319883
m1627_10290.obj,Hat,-20.219978,-25.305931
m1635_5092.obj,Hat,-20.15604,13.989994
m1633_7724.obj,Hat,-37.167458,-25.204071
m1632_10285.obj,Hat,-53.565857,-22.664816
m1634_5814.obj,Hat,-44.053574,-2.8732407
m1636_8625.obj,Hat,-53.089207,-17.929161
m1631_11188.obj,Hat,-33.76288,-24.640934
m1638_8815.obj,Hat,-45.07495,-20.687136
m1641_10794.obj,Hat,-51.37538,-23.060373
m1628_8393.obj,Hat,-49.410374,-23.45661
m1630_10120.obj,Hat,-35.06256,-24.797117
m967_6002.obj,PlantWildNonTree,38.68014,5.699942
m972_7410.obj,PlantWildNonTree,1.1304393,-3.6305044
m973_6737.obj,PlantWildNonTree,4.136851,-30.373213
m961_6513.obj,PlantWildNonTree,-22.89399,-21.990664
m978_9852.obj,PlantWildNonTree,51.7781,-7.5745764
m965_6783.obj,PlantWildNonTree,8.637227,-13.19295
m1052_5868.obj,PlantWildNonTree,-41.514595,-19.720854
m975_5761.obj,PlantWildNonTree,44.483963,-8.602356
m986_6656.obj,PlantWildNonTree,54.27728,-8.348501
m976_7843.obj,PlantWildNonTree,4.4569335,-25.391636
m988_6309.obj,PlantWildNonTree,58.249863,-5.8969073
m968_9018.obj,PlantWildNonTree,13.453912,-16.410847
m984_8180.obj,PlantWildNonTree,30.988354,-16.488724
m985_6974.obj,PlantWildNonTree,40.80327,-11.098416
m983_6988.obj,PlantWildNonTree,-13.156317,-29.70492
m966_7920.obj,PlantWildNonTree,-9.172521,-28.724981
m962_7057.obj,PlantWildNonTree,-27.801817,-23.745178
m971_4778.obj,PlantWildNonTree,-32.671204,-22.638172
m980_8937.obj,PlantWildNonTree,46.722645,-3.3072734
m987_7127.obj,PlantWildNonTree,30.91545,-16.474012
m964_7194.obj,PlantWildNonTree,-6.550135,13.305206
m963_6212.obj,PlantWildNonTree,-0.24794905,-27.08328
D00346_4803.obj,Rocket,53.400513,21.000616
D00851_4832.obj,Rocket,42.527348,21.72629
D00764_5192.obj,Rocket,62.231586,20.273352
D00354_7867.obj,Rocket,0.47854167,-11.191369
D00719_7915.obj,Rocket,46.08294,8.77753
D00343_7584.obj,Rocket,54.58773,20.091883
D00428_4750.obj,Rocket,41.81898,23.179525
D00472_5278.obj,Rocket,41.013905,23.284695
D00437_4841.obj,Rocket,51.200058,23.919292
D00528_6258.obj,Rocket,8.843851,1.5921578
D00585_6305.obj,Rocket,27.482521,18.648996
D00433_8247.obj,Rocket,30.267351,6.895574
D00975_4574.obj,Rocket,29.5305,19.762676
m862_10546.obj,Shelf,-63.61544,-0.41915464
m859_7762.obj,Shelf,-24.658407,-11.94327
m864_8837.obj,Shelf,-21.768745,-3.1069322
D00352_10769.obj,Shelf,-31.2713,-3.0139744
D00691_5210.obj,Shelf,9.770185,-5.6316633
m861_11078.obj,Shelf,-47.56171,5.9246383
m850_10685.obj,Shelf,-51.986794,4.3842187
D00631_6295.obj,Shelf,5.024088,30.696468
D00956_7950.obj,Shelf,-19.974262,-1.5495671
D00781_11313.obj,Shelf,-23.572693,-21.198933
D00198_9669.obj,Shelf,-33.60401,-0.51635003
m858_9305.obj,Shelf,-21.507277,-2.6080248
D00725_5831.obj,Shelf,49.96562,-5.491184
m866_8569.obj,Shelf,-62.126694,0.90455765
m844_10990.obj,Shelf,-51.889236,3.908497
D00057_9850.obj,Shelf,-37.43879,13.457671
D00887_11971.obj,Shelf,4.1370187,14.602171
D00171_8481.obj,Shelf,-12.88237,-9.216427
m857_10117.obj,Shelf,-43.349003,3.2765203
m860_7779.obj,Shelf,-45.43747,-3.4257412
m863_8781.obj,Shelf,-40.58756,3.341234
m854_10087.obj,Shelf,-52.408573,5.5464354
m865_9564.obj,Shelf,-50.533756,4.186234
D00917_8337.obj,Shelf,-27.13471,-10.808154
m849_11023.obj,Shelf,-38.328995,7.085325
m1471_9332.obj,Ship,3.6947844,-13.476917
m1436_5677.obj,Ship,55.8459,16.240112
m1450_6094.obj,Ship,24.536507,-4.786026
D00809_6467.obj,Ship,51.377697,20.159737
m1454_8110.obj,Ship,-18.330107,-28.253021
m1428_5569.obj,Ship,60.539867,18.048878
m1466_9736.obj,Ship,54.22926,-3.513991
D00429_6302.obj,Ship,29.256672,-12.972664
m1446_6122.obj,Ship,63.11154,19.352257
m1427_5001.obj,Ship,60.606617,17.960815
D00791_9726.obj,Ship,36.60214,7.0458956
D00539_6050.obj,Ship,54.181686,24.963097
m1433_5862.obj,Ship,50.456955,13.135884
m1456_8634.obj,Ship,-29.724,2.6280434
D00175_6797.obj,Ship,17.510395,9.970508
m1435_9690.obj,Ship,36.642273,5.981686
D00896_9396.obj,Ship,13.738308,4.6358685
m1467_4538.obj,Ship,53.250942,18.90672
m1455_7726.obj,Ship,4.775555,-8.491416
m1468_6052.obj,Ship,59.644688,18.198013
m1440_8087.obj,Ship,43.600918,15.270286
m1448_4950.obj,Ship,29.303719,-7.9745398
m1441_7987.obj,Ship,29.506447,6.097917
m1434_8774.obj,Ship,22.591019,7.62864
m1461_6986.obj,Ship,6.8903575,-15.783687
m1449_8952.obj,Ship,15.906903,-8.731651
m1452_4532.obj,Ship,45.014282,5.3054476
D00907_6469.obj,Ship,17.275663,9.191257
D00042_8449.obj,Ship,38.525967,11.486683
m1460_9675.obj,Ship,13.876759,-9.724244
m1451_7720.obj,Ship,31.530823,-7.866454
m1444_6251.obj,Ship,17.344604,29.290892
D00292_9718.obj,Ship,36.434246,6.060928
m1462_9838.obj,Ship,8.036336,-14.690034
D00771_6476.obj,Ship,54.60462,21.55908
m1453_7994.obj,Ship,-16.69911,-30.392376
D00647_5791.obj,Ship,55.70468,15.84433
m1457_10683.obj,Ship,-0.69489574,-13.406302
m1431_5250.obj,Ship,54.599545,20.385763
D00837_6122.obj,Ship,62.858845,19.296839
D00258_9284.obj,Ship,54.49858,-1.4247042
D00543_7537.obj,Ship,41.86924,20.496252
D00247_6122.obj,Ship,62.842358,18.957132
m1459_9936.obj,Ship,3.364043,-26.84976
m1442_6859.obj,Ship,-15.811532,23.146688
m1465_6923.obj,Ship,58.200897,-3.980034
D00027_9706.obj,Ship,36.991684,7.298778
m1447_5595.obj,Ship,60.502922,22.52823
m1430_5231.obj,Ship,60.112053,18.739649
D00467_5062.obj,Ship,62.645943,22.498243
D00099_6359.obj,Ship,29.723677,8.291428
D00949_9638.obj,Ship,46.625843,10.38878
m1458_7513.obj,Ship,-28.768791,-17.434212
m1438_10912.obj,Ship,49.76112,19.743835
D00621_11195.obj,Bicycle,7.411955,29.289513
D00838_6928.obj,Bicycle,16.858225,16.838116
D00558_6910.obj,Bicycle,4.821711,17.927925
m1473_8492.obj,Bicycle,6.942281,26.879368
D00930_6521.obj,Bicycle,2.4180715,13.041425
D00555_6583.obj,Bicycle,16.735409,-9.1834755
D00536_7346.obj,Bicycle,3.821034,19.604723
D00040_6013.obj,Bicycle,18.556316,16.57911
D00033_8750.obj,Bicycle,7.1602526,27.162949
D00514_6951.obj,Bicycle,6.690064,27.53913
D00708_6895.obj,Bicycle,16.83333,16.888113
D00974_6045.obj,Bicycle,56.155155,7.5808153
D00750_7657.obj,Bicycle,6.1719775,26.188316
D00847_6922.obj,Bicycle,-0.547883,17.211132
D00016_11266.obj,Bicycle,7.705404,29.349163
m1475_6049.obj,Bicycle,56.15213,7.5696635
D00078_6902.obj,Bicycle,-0.7220395,17.10665
m1477_6828.obj,Bicycle,-0.29718676,17.29145
m1478_11647.obj,Bicycle,7.3787436,29.206133
D00077_7244.obj,Bicycle,14.000534,15.747251
D00462_6947.obj,Bicycle,5.3342447,24.686514
D00904_5354.obj,Bicycle,5.983057,28.386833
D00931_7352.obj,Bicycle,3.5286782,17.842213
D01072_11658.obj,Computer,-54.344357,-7.1035333
D01037_8344.obj,Computer,-50.13904,-8.910908
m1778_5026.obj,Computer,-47.325783,2.948674
D01100_8422.obj,Computer,-40.06811,-12.093729
D01128_6805.obj,Computer,-48.172646,2.9871018
D01073_10735.obj,Computer,-60.94158,-6.2318354
m1770_8409.obj,Computer,-41.14635,-15.47352
D01071_10364.obj,Computer,-65.17748,-0.274239
D01002_8084.obj,Computer,-59.1067,-6.67511
m1774_8472.obj,Computer,-50.210243,-8.928854
D01115_8163.obj,Computer,-40.484818,-4.2341266
D01185_7798.obj,Computer,-52.256065,-7.977681
m1767_8081.obj,Computer,-58.990704,-6.5319357
D01067_5026.obj,Computer,-47.364273,2.9624949
m1766_10277.obj,Computer,-65.313225,-0.23094593
D01028_8596.obj,Computer,-25.922428,-16.659159
m1775_11916.obj,Computer,-50.0432,-8.766386
m1772_6805.obj,Computer,-45.687977,2.4618487
D01164_11432.obj,Computer,-22.518164,-25.683832
D01026_11919.obj,Computer,-51.363663,-7.9295382
D01033_8409.obj,Computer,-41.11997,-15.404972
m1777_11664.obj,Computer,-54.799023,-7.210051
D01023_6656.obj,Computer,-60.9993,2.4242723
m1776_7783.obj,Computer,-52.10658,-8.0061035
D01070_11005.obj,Computer,-46.128506,6.8572087
m1773_8685.obj,Computer,-26.063963,-16.642984
D00310_6304.obj,Apartment,-16.240396,-11.446048
D00639_10821.obj,Apartment,-26.116121,-20.228113
D00626_5890.obj,Apartment,-27.385462,-14.831378
m463_11228.obj,Apartment,-21.883524,-21.092255
D00086_5427.obj,Apartment,-18.734627,13.814685
D00859_9776.obj,Apartment,-2.9855328,-9.114838
D00348_7740.obj,Apartment,2.073673,20.814867
D00681_6324.obj,Apartment,-30.658186,-9.311521
D00869_8373.obj,Apartment,-55.212242,-17.209507
m465_9098.obj,Apartment,26.741056,22.355383
D00921_6694.obj,Apartment,3.9049106,-32.92949
D00478_5498.obj,Apartment,-34.97923,-27.74823
D00138_6503.obj,Apartment,54.831852,-7.79874
D00792_8968.obj,Apartment,-47.890415,-23.356169
D00045_6995.obj,Apartment,-23.56782,-31.314245
D00953_11791.obj,Apartment,-20.297697,-27.063402
D00496_7737.obj,Apartment,-22.498173,-28.428122
D00156_7090.obj,Apartment,-48.155453,-15.264169
m464_8301.obj,Apartment,28.910822,22.424925
D00651_6776.obj,Apartment,-34.163414,-9.944914
D00860_7335.obj,Apartment,-35.00267,-27.711763
D00366_8057.obj,Apartment,-51.57149,-19.126972
D00780_8240.obj,Apartment,-36.186684,5.838176
D00643_5455.obj,Fish,23.841692,6.516745
D00012_5644.obj,Fish,27.044395,14.563459
D00450_6125.obj,Fish,28.117887,5.674118
D00351_6989.obj,Fish,21.087872,-5.312362
D00633_5191.obj,Fish,29.491253,8.522373
D00293_6657.obj,Fish,21.723625,-10.462888
D00024_4889.obj,Fish,38.744476,14.6909895
D00682_5357.obj,Fish,37.568077,15.163692
D00950_4816.obj,Fish,26.80462,4.793471
D00022_5573.obj,Fish,27.784185,7.5508385
D00251_9109.obj,Fish,-2.1371036,-30.60347
D00636_6427.obj,Fish,23.626547,5.019657
D00398_6319.obj,Fish,28.050215,5.3563414
D00030_5158.obj,Fish,37.9086,13.417377
D00748_5046.obj,Fish,29.945152,17.787584
D00165_5268.obj,Fish,31.760899,17.232464
D00535_5532.obj,Fish,25.514519,8.040442
D00850_6021.obj,Fish,23.867887,5.938593
D00142_6092.obj,Fish,20.530008,-8.88368
D00763_8550.obj,Fish,3.3661435,-15.116279
m1681_6540.obj,Sign,58.5771,-0.62965137
m1684_8727.obj,Sign,-31.350494,14.380375
m1674_5541.obj,Sign,33.4579,1.4717487
m1682_9559.obj,Sign,-29.728884,13.214633
m1676_7881.obj,Sign,66.8787,23.38277
m1683_7808.obj,Sign,-46.427563,5.266813
D00955_8300.obj,FloorLamp,59.235962,-4.2754664
D00924_7496.obj,FloorLamp,57.20499,3.2771797
D00447_8387.obj,FloorLamp,-53.2157,-18.196442
D00981_9648.obj,FloorLamp,-21.965586,-27.083347
D00228_8965.obj,FloorLamp,-20.414692,-32.778225
D00580_7229.obj,FloorLamp,-6.71749,14.734581
m623_5028.obj,FloorLamp,51.892372,27.636803
D00875_6975.obj,FloorLamp,33.56928,-14.402056
D00888_7686.obj,FloorLamp,-21.116192,-11.485947
D00408_10180.obj,FloorLamp,-42.660362,-19.69258
D00388_7841.obj,FloorLamp,-49.436172,-12.654057
m617_6621.obj,FloorLamp,11.768864,25.333279
D00400_6915.obj,FloorLamp,19.179071,17.689236
D00186_7694.obj,FloorLamp,33.348385,-19.903444
D00740_7539.obj,FloorLamp,-34.437176,-6.96589
D00563_7013.obj,FloorLamp,40.771534,-6.853956
D00495_7890.obj,FloorLamp,-9.07734,-23.731485
D00093_9250.obj,FloorLamp,-26.538242,-3.5804646
D00028_9327.obj,FloorLamp,-35.098606,-6.7629585
D00876_6203.obj,FloorLamp,-59.80153,-4.2986684
D00856_8327.obj,FloorLamp,4.608063,11.524524
D00211_5097.obj,FloorLamp,48.61038,-7.212623
m620_5584.obj,FloorLamp,65.137596,22.957703
D00347_8793.obj,Bottle,6.772343,3.3058999
D00350_7712.obj,Bottle,8.560539,2.9404697
m485_8672.obj,Bottle,9.336299,5.189755
m487_10144.obj,Bottle,-10.26758,6.3972006
m491_9505.obj,Bottle,-28.587946,-12.427839
D00696_6976.obj,Bottle,41.561016,-15.328477
D00959_6013.obj,Bottle,22.221518,20.079657
D00726_5156.obj,Bottle,-18.892122,23.77678
D00139_9095.obj,Bottle,23.071295,22.4811
m490_11691.obj,Bottle,-11.749926,-4.4695435
m488_8017.obj,Bottle,-19.385696,-13.71436
D00679_7204.obj,Bottle,18.345995,32.496254
D00123_6367.obj,Bottle,22.26491,19.981985
m492_7899.obj,Bottle,25.92272,14.494359
D00166_8104.obj,Bottle,-13.604336,-2.2601576
D00711_7967.obj,Bottle,-30.306559,-11.834212
D00020_6633.obj,Bottle,8.318495,1.1725942
D00176_7138.obj,Bottle,-10.141829,6.7523737
D00716_9454.obj,Bottle,-8.630443,-6.2782273
m489_10057.obj,Bottle,5.383953,4.743468
m483_9407.obj,Bottle,10.262013,5.9212637
D00940_9321.obj,Bottle,-30.240177,-12.0127125
D00208_9063.obj,Bottle,6.55434,4.1724734
D00311_10465.obj,Bottle,-12.159128,-5.2369113
m486_8953.obj,Bottle,8.417447,6.480766
D00281_7950.obj,Bottle,7.576507,3.8997953
D00451_7223.obj,Bottle,19.672152,20.720844
D00892_10895.obj,Bottle,12.829601,5.319858
m484_8327.obj,Bottle,6.930209,0.090384446
m482_9921.obj,Bottle,8.769983,3.6246672
D01142_5110.obj,Tool,8.438984,19.969208
m1108_8180.obj,Tool,55.527756,24.4931
m1110_4764.obj,Tool,51.765682,26.46812
m589_8443.obj,Tool,0.37989408,-5.261724
D01154_5202.obj,Tool,8.682297,20.66765
D01127_6104.obj,Tool,8.139878,19.957159
D01156_5508.obj,Tool,9.549205,19.408133
m1109_4652.obj,Tool,20.56568,21.732658
m587_10946.obj,Tool,-9.999785,-14.646793
D01044_5201.obj,Tool,9.015994,20.940605
m588_8329.obj,Tool,-23.767015,-15.501536
D01069_6198.obj,Tool,7.9260726,20.77426
m1106_8392.obj,Tool,63.53035,22.013882
m591_8268.obj,Tool,25.089628,15.696819
m590_8040.obj,Tool,23.493124,3.9646528
m1707_5507.obj,Door,5.4338355,18.517866
D01005_6044.obj,Door,44.484043,33.592163
m1722_9994.obj,Door,-0.1402525,20.932545
m1731_10724.obj,Door,-49.64157,7.135794
m1725_8385.obj,Door,-65.632935,3.9896948
D01144_10293.obj,Door,40.133255,32.86515
D01141_9632.obj,Door,-0.73780364,22.713375
D01052_8798.obj,Door,-37.13493,8.736729
D01076_10712.obj,Door,39.88859,33.31175
m1711_10231.obj,Door,39.35122,31.902016
D01158_8690.obj,Door,-0.85827744,21.230938
m1715_8770.obj,Door,-34.89979,6.249949
m1727_10704.obj,Door,-31.920109,14.36596
m1712_10706.obj,Door,38.797752,32.285385
m1721_8689.obj,Door,-0.7939671,21.372412
m1716_9663.obj,Door,-0.83186126,22.675533
m1710_11488.obj,Door,36.573715,35.14326
D01155_7836.obj,Door,-30.97557,15.745542
D01029_5490.obj,Door,5.2937694,18.426994
D01114_10002.obj,Door,-0.43933526,21.277533
D01129_8249.obj,Door,38.451138,33.266335
m1724_7547.obj,Door,1.5275182,23.074999
D01121_7660.obj,Door,1.3434776,23.62192
m1726_7881.obj,Door,-30.962397,15.727219
m1708_7660.obj,Door,1.343389,23.653803
D01143_9252.obj,Door,36.711514,34.79097
m1713_6044.obj,Door,44.494205,33.684387
m1718_8136.obj,Door,37.854942,33.497948
D01177_10302.obj,Door,0.36586276,22.677874
m1728_11192.obj,Door,-54.121082,4.8458996
D01150_4558.obj,Knife,52.772945,18.347406
m725_4793.obj,Knife,47.68308,29.059097
D01160_5003.obj,Knife,61.626926,20.85109
D01015_7825.obj,Knife,64.41769,21.113022
m728_5089.obj,Knife,48.17886,28.36677
m727_5861.obj,Knife,42.556675,31.817188
m723_5076.obj,Knife,57.4642,-1.8983288
D01189_5653.obj,Knife,62.009125,18.427982
D00267_6035.obj,TruckNonContainer,-14.65043,-4.9957104
D00879_8566.obj,TruckNonContainer,-42.536465,2.2002492
D00943_8852.obj,TruckNonContainer,-21.50585,5.775054
D00353_7326.obj,TruckNonContainer,-8.588846,10.028889
D00608_7112.obj,TruckNonContainer,-23.272013,6.0112433
D00215_8259.obj,TruckNonContainer,-16.381214,4.5405045
D00737_7792.obj,TruckNonContainer,-28.644794,4.6115923
D00572_10910.obj,TruckNonContainer,31.251484,2.2156513
D00266_6898.obj,TruckNonContainer,-15.798503,12.495134
D00553_7248.obj,TruckNonContainer,-20.99305,4.067068
D00055_7636.obj,TruckNonContainer,-31.765463,-7.6068974
D00619_5231.obj,TruckNonContainer,-5.374996,11.351608
D00275_5510.obj,TruckNonContainer,-13.751542,18.854267
D00699_5071.obj,TruckNonContainer,-23.127562,11.071656
D00148_8287.obj,TruckNonContainer,-26.760965,-0.3753823
D00252_7722.obj,TruckNonContainer,-16.416056,-14.634369
D00731_11370.obj,TruckNonContainer,-12.180614,14.449134
D00283_6979.obj,TruckNonContainer,-16.389257,-9.240124
D00783_5246.obj,TruckNonContainer,-12.406849,15.007434
m217_7761.obj,Humanoid,45.852608,12.452946
m148_7557.obj,Humanoid,13.581611,15.092478
m194_9053.obj,Humanoid,26.965542,7.6842813
m171_6361.obj,Humanoid,30.268715,16.45796
m251_8077.obj,Humanoid,0.19173028,29.655348
m206_8800.obj,Humanoid,44.617233,9.017504
m187_8208.obj,Humanoid,19.357676,-4.794484
m214_4831.obj,Humanoid,49.630886,20.86466
m136_6553.obj,Humanoid,41.373028,21.291126
m261_5799.obj,Humanoid,41.062126,15.7248125
m124_6950.obj,Humanoid,40.265453,11.872545
m224_9660.obj,Humanoid,9.520611,24.353863
m204_8689.obj,Humanoid,26.993979,15.174191
m181_8520.obj,Humanoid,1.8307993,30.873707
m258_6183.obj,Humanoid,0.43071762,29.77489
m250_6845.obj,Humanoid,-0.49922717,30.066982
m158_9484.obj,Humanoid,24.50336,6.6675625
m176_8703.obj,Humanoid,25.227648,11.415729
m263_5297.obj,Humanoid,26.032442,8.815563
m140_9061.obj,Humanoid,24.392185,12.063297
m118_5764.obj,Humanoid,42.322975,19.187325
m244_6236.obj,Humanoid,30.92953,12.8134575
m160_7569.obj,Humanoid,27.020388,9.566709
m230_7193.obj,Humanoid,10.528212,24.325953
m192_6116.obj,Humanoid,40.057735,19.536806
m122_5751.obj,Humanoid,40.586594,16.867367
m134_8307.obj,Humanoid,50.922066,19.076483
m137_5857.obj,Humanoid,33.43395,17.0014
m252_9698.obj,Humanoid,-22.534872,18.10301
m208_5086.obj,Humanoid,42.155636,17.724245
m262_5242.obj,Humanoid,39.741142,17.75061
m265_7222.obj,Humanoid,5.830982,12.9641905
m129_9814.obj,Humanoid,52.632706,14.407735
m128_6070.obj,Humanoid,41.36913,14.522886
m180_7289.obj,Humanoid,42.83459,13.951133
m221_6868.obj,Humanoid,8.557842,24.108616
m246_4614.obj,Humanoid,32.776855,13.547585
m135_6358.obj,Humanoid,39.250835,17.870953
m240_6305.obj,Humanoid,31.630882,13.341025
m132_8259.obj,Humanoid,34.18632,9.818249
m120_5954.obj,Humanoid,42.69895,16.456244
m255_7138.obj,Humanoid,11.430185,24.110207
m264_8798.obj,Humanoid,19.485407,8.618127
m188_8843.obj,Humanoid,35.240124,9.036052
m239_5558.obj,Humanoid,32.414814,12.846354
m143_5647.obj,Humanoid,31.10063,-2.9456923
m213_6776.obj,Humanoid,49.33048,20.01836
m139_7354.obj,Humanoid,18.420034,-5.995731
m162_8123.obj,Humanoid,28.956625,9.567217
m253_6646.obj,Humanoid,-1.3830351,28.668962
m220_6881.obj,Humanoid,9.424066,23.02848
m131_7853.obj,Humanoid,41.325626,15.132607
m161_9444.obj,Humanoid,27.151365,17.140886
m155_6991.obj,Humanoid,13.658084,0.290317
m205_11152.obj,Humanoid,23.491806,7.4014163
m236_6470.obj,Humanoid,21.210194,15.082622
m150_8753.obj,Humanoid,27.818636,8.82957
m146_8755.obj,Humanoid,27.02412,8.062633
m147_7672.obj,Humanoid,27.125223,10.844433
m216_9272.obj,Humanoid,57.172333,-5.9132676
m154_9323.obj,Humanoid,38.0323,16.980598
m145_7033.obj,Humanoid,24.639065,10.81367
m152_7342.obj,Humanoid,23.30072,8.066359
m119_6190.obj,Humanoid,39.576473,13.498729
m151_8417.obj,Humanoid,34.459064,9.111253
m203_5571.obj,Humanoid,44.86777,16.393185
m196_7669.obj,Humanoid,35.66022,15.404426
m243_5125.obj,Humanoid,21.78667,16.351847
m175_8674.obj,Humanoid,30.657677,10.59324
m185_6036.obj,Humanoid,40.373173,19.332796
m121_5630.obj,Humanoid,44.201515,18.34634
m130_7656.obj,Humanoid,42.13391,15.612355
m232_5181.obj,Humanoid,0.33887416,15.131409
m156_7391.obj,Humanoid,28.238317,11.185284
m169_7964.obj,Humanoid,42.786,17.782595
m199_6540.obj,Humanoid,29.978382,-3.0284114
m241_8875.obj,Humanoid,0.44068325,7.515849
m197_6824.obj,Humanoid,42.050526,15.047791
m165_8577.obj,Humanoid,38.95951,16.053791
m223_6987.obj,Humanoid,9.7551,22.89994
m149_7463.obj,Humanoid,22.966457,22.952297
m195_7016.obj,Humanoid,27.914446,16.292334
m144_8246.obj,Humanoid,31.317533,11.041931
m183_8323.obj,Humanoid,-19.594778,-8.253429
m174_7627.obj,Humanoid,19.741404,23.091797
m210_8659.obj,Humanoid,-8.479536,-12.235497
m254_7281.obj,Humanoid,9.853733,26.109823
m182_7028.obj,Humanoid,32.768333,15.824829
m170_7167.obj,Humanoid,42.701157,18.23433
m234_4604.obj,Humanoid,26.113892,17.273497
m238_5568.obj,Humanoid,32.250435,13.220243
m178_6759.obj,Humanoid,22.963526,24.558273
m189_6863.obj,Humanoid,49.196796,18.5264
m226_6368.obj,Humanoid,-30.879265,8.208201
m159_6725.obj,Humanoid,39.730145,16.034866
m212_6195.obj,Humanoid,20.892176,7.6820407
m245_5582.obj,Humanoid,30.793964,12.972641
m215_7563.obj,Humanoid,49.4701,18.163628
m179_7108.obj,Humanoid,21.81067,9.3504305
m167_8286.obj,Humanoid,0.829862,-15.898351
m172_6177.obj,Humanoid,44.494328,17.089235
m138_7401.obj,Humanoid,19.45941,22.676311
m259_7554.obj,Humanoid,15.674953,2.157747
m242_7911.obj,Humanoid,12.008041,-7.374396
m193_8622.obj,Humanoid,16.607788,26.01932
m266_4921.obj,Humanoid,6.3159957,-9.832832
m260_9817.obj,Humanoid,36.09818,11.529544
m133_9065.obj,Humanoid,38.68352,8.572101
m153_7113.obj,Humanoid,30.920483,15.712425
m177_8137.obj,Humanoid,13.236701,0.85985124
m198_7548.obj,Humanoid,21.927206,7.50071
m222_6844.obj,Humanoid,-30.369469,9.328433
m126_6471.obj,Humanoid,51.331524,18.851128
m173_8049.obj,Humanoid,45.279465,14.408065
m164_7591.obj,Humanoid,33.716915,19.37852
m207_9453.obj,Humanoid,35.50408,15.021466
m191_10109.obj,Humanoid,3.0901315,-2.4945183
m184_6057.obj,Humanoid,40.050842,13.046457
m256_7303.obj,Humanoid,-3.555307,-23.288061
m233_5861.obj,Humanoid,12.075828,20.059273
m228_7384.obj,Humanoid,-4.5577826,23.423859
m229_7435.obj,Humanoid,11.579068,24.318743
m123_5398.obj,Humanoid,44.503708,18.221645
m186_6429.obj,Humanoid,39.02227,15.305694
m211_7243.obj,Humanoid,40.938526,17.167929
m257_6183.obj,Humanoid,11.807131,-15.114493
m163_5858.obj,Humanoid,40.887028,21.455414
m190_7641.obj,Humanoid,11.495051,-13.814936
m125_5272.obj,Humanoid,33.226864,17.335096
m227_7015.obj,Humanoid,7.2330704,9.78997
m231_7365.obj,Humanoid,-4.5329633,23.403982
m249_7970.obj,Humanoid,-1.3464673,28.945396
m166_6593.obj,Humanoid,34.16628,17.954876
m168_7519.obj,Humanoid,32.94537,18.789503
m141_7654.obj,Humanoid,34.338127,10.279377
m157_8367.obj,Humanoid,29.196785,11.301667
m202_7856.obj,Humanoid,37.40616,18.091658
D00254_10260.obj,ClassicPiano,-17.850367,11.360616
D00305_10292.obj,ClassicPiano,-29.223358,5.457692
D00120_10440.obj,ClassicPiano,-53.17656,-6.714716
D00811_11495.obj,ClassicPiano,-54.62366,-14.075475
D00983_6676.obj,ClassicPiano,-30.301994,-3.3359175
D00605_8121.obj,ClassicPiano,47.454807,-5.6365166
D00314_6800.obj,ClassicPiano,-45.851532,-15.976162
D00233_5205.obj,ClassicPiano,-34.56666,11.664494
D00034_8450.obj,ClassicPiano,-46.19603,4.728518
D00279_7253.obj,ClassicPiano,47.333473,-5.0457673
D00784_5131.obj,ClassicPiano,-6.6713223,19.864105
D00579_8243.obj,ClassicPiano,-3.6541097,17.758802
D00190_7619.obj,ClassicPiano,-33.469604,11.22294
D00009_9459.obj,ClassicPiano,-24.953596,-9.993041
D00005_7936.obj,ClassicPiano,-61.877472,-6.7828045
D00789_8188.obj,ClassicPiano,-33.398182,10.81278
D00092_5901.obj,ClassicPiano,-39.77843,0.5776736
D00967_9672.obj,ClassicPiano,-44.290775,2.0009217
D00100_9394.obj,MilitaryVehicle,-40.6194,-25.725256
D00272_7424.obj,MilitaryVehicle,-13.477918,-18.537355
D00799_7600.obj,MilitaryVehicle,-10.306648,-8.7539215
D00334_5876.obj,MilitaryVehicle,6.500187,-25.520718
D00577_7458.obj,MilitaryVehicle,-26.57607,-14.288428
D00971_7344.obj,MilitaryVehicle,-5.384923,-29.16507
D00918_7307.obj,MilitaryVehicle,-26.528728,-29.372936
D00611_10579.obj,MilitaryVehicle,-14.684982,-16.645674
D00173_7314.obj,MilitaryVehicle,-20.885067,-24.113316
D00801_7014.obj,MilitaryVehicle,8.528321,-30.414583
D00529_7170.obj,MilitaryVehicle,-5.262812,-29.985203
D00723_6996.obj,MilitaryVehicle,-26.957714,-14.057733
D00051_10183.obj,MilitaryVehicle,-33.72291,-25.474089
D00458_7005.obj,MilitaryVehicle,-12.1541,-20.104849
D00017_6935.obj,MilitaryVehicle,-18.226578,-23.139421
D00778_9570.obj,MilitaryVehicle,-12.556229,-18.871569
D00952_6743.obj,MilitaryVehicle,-25.541014,3.0450807
D00761_7768.obj,MilitaryVehicle,-6.094955,-29.464636
D00932_7498.obj,MilitaryVehicle,-26.048433,-30.903793
D00933_7303.obj,MilitaryVehicle,6.4349794,-26.909393
